-- MySQL dump 10.13  Distrib 5.5.33, for osx10.6 (i386)
--
-- Host: localhost    Database: rempatri_work_10rempatrick_com
-- ------------------------------------------------------
-- Server version	5.5.33

/*!40101 SET @OLD_CHARACTER_SET_CLIENT=@@CHARACTER_SET_CLIENT */;
/*!40101 SET @OLD_CHARACTER_SET_RESULTS=@@CHARACTER_SET_RESULTS */;
/*!40101 SET @OLD_COLLATION_CONNECTION=@@COLLATION_CONNECTION */;
/*!40101 SET NAMES utf8 */;
/*!40103 SET @OLD_TIME_ZONE=@@TIME_ZONE */;
/*!40103 SET TIME_ZONE='+00:00' */;
/*!40014 SET @OLD_UNIQUE_CHECKS=@@UNIQUE_CHECKS, UNIQUE_CHECKS=0 */;
/*!40014 SET @OLD_FOREIGN_KEY_CHECKS=@@FOREIGN_KEY_CHECKS, FOREIGN_KEY_CHECKS=0 */;
/*!40101 SET @OLD_SQL_MODE=@@SQL_MODE, SQL_MODE='NO_AUTO_VALUE_ON_ZERO' */;
/*!40111 SET @OLD_SQL_NOTES=@@SQL_NOTES, SQL_NOTES=0 */;

--
-- Table structure for table `issue`
--

DROP TABLE IF EXISTS `issue`;
/*!40101 SET @saved_cs_client     = @@character_set_client */;
/*!40101 SET character_set_client = utf8 */;
CREATE TABLE `issue` (
  `id` mediumint(9) NOT NULL AUTO_INCREMENT,
  `edition` enum('Peer Reviewers','Editorial Board','Editorial Advisory Board') NOT NULL,
  `quarter` enum('Winter','Spring','Summer','Fall') NOT NULL,
  `year` year(4) NOT NULL,
  `headline` text NOT NULL,
  `main_body` text NOT NULL,
  `lead_in` text NOT NULL,
  `kicker` text,
  `poll_q` text,
  `poll_link` text,
  `peer_name` varchar(256) NOT NULL,
  `peer_occ` text,
  `peer_school` text,
  `peer_inv` text,
  `peer_rev` text,
  `peer_photo` varchar(128) DEFAULT NULL,
  `poll_head` varchar(256) DEFAULT NULL,
  PRIMARY KEY (`id`)
) ENGINE=InnoDB AUTO_INCREMENT=122 DEFAULT CHARSET=utf8;
/*!40101 SET character_set_client = @saved_cs_client */;

--
-- Dumping data for table `issue`
--

LOCK TABLES `issue` WRITE;
/*!40000 ALTER TABLE `issue` DISABLE KEYS */;
INSERT INTO `issue` VALUES (1,'','Summer',2013,'','','Here\'s the lead-in for id #1 the first one!','','ONLINE POLL QUESTION GOES HERE','#','PEER NAME GOES HERE','PEER OCCUPATION GOES HERE','<p>SOME SCHOOL</p>','<p>***PEER*I*AM*INVOLVED*BECAUSE***</p>','PEER WHEN REVIEWING ... GOES HERE',NULL,NULL),(2,'','Winter',2013,'HEADLINE GOES HERE','<p>Did you know the JAOA is interested in basic science articles? Here\'s what you can do to help increase such submissions:</p>\r\n\r\n<p>Explain to students and researchers outside of the osteopathic profession how their research may build on the evidence base of the osteopathic tenets.</p>\r\n\r\n<p>Encourage these investigators to submit their basic science research articles to the JAOA. Researchers who prefer to publish their studies in basic science journals should be encouraged to submit derivative articles, in which they explain how their original work connects to and supports the tenets.</p>\r\n\r\n<p>Send the JAOA\'s Information for Authors [http://www.jaoa.org/site/misc/ifora.xhtml] to those interested in submitting basic science research or derivative articles with appropriate clinical applications. Also consider sharing the AOA\'s Tenets of Osteopathic Medicine [http://www.osteopathic.org/inside-aoa/about/leadership/Pages/tenets-of-osteopathic-medicine.aspx] page.</p> \r\n\r\n<p>Share the JAOA\'s most recently published basic science research article from the November 2013 issue. Paul R. Standley, PhD, and his colleagues\' article, \"In Vitro Biomechanical Strain Regulation of Fibroblast Wound Healing,\" [http://www.jaoa.org/content/113/11/806.abstract] is an excellent example of how basic science research can serve as an evidence base for the osteopathic tenets.</p> ','We\'re on Twitter! Follow The Journal of the American Osteopathic Association (JAOA) on Twitter at <a href=\'https://twitter.com/TheJAOA\'>@TheJAOA</a> for updates, highlights, and conversations about the JAOA and osteopathic medical research.','SCOPUS <a href=\'http://www.scimagojr.com/compare.php?j1=Journal+of+the+American+Osteopathic+Association%2C+The&j2=American+Family+Physician&j3=Physical+Medicine+and+Rehabilitation+Clinics+of+North+America&j4=International+Journal+of+Osteopathic+Medicine&un=journals&inj=0\'>has released</a> its SCImage journal rankings for 2012. JAOA rankings have gone up for the second year in a row. Check out the JAOA\'s SCImago Journal & Country ranking. Hiya hiya hiya.','\"I would like more information and guidance about how to promote the JAOA to my colleagues and institution.\"','http://www.do-online.org/JAOA/connections/poll/vote-form.php?poll=11','Michael A. Seffinger, DO','Professor and chair of the Department of NMM/OMM at the Western University of Health Sciences College of Osteopathic Medicine in the Pacific and the Pacific Northwest, and JAOA associate editor.','<p>SOME SCHOOL</p>','<p>***PEER*I*AM*INVOLVED*BECAUSE***</p>','Whether it is meaningful to our profession, makes a significant contribution to the scientific literature, describes valid and appropriate methodology, reviews pertinent literature, clearly and accurately reports and interprets the data, and states the conclusions based only on the data obtained. The manuscript should make sense, state its limitations and strengths, and make recommendations for further study. ',NULL,NULL),(3,'','Winter',2013,'HEADLINE GOES HERE','<p>MAIN BODY TEXT GOES HERE<p>','And, like, like, like, here\'s the third new lead-in for id=3.','Here\'s the new, new, new lead-in kicker. And now it has a <a href=\"http://www.osteopathic.org\" title=\"AOA home page\">link</a>.','ONLINE POLL QUESTION GOES HERE','#','PEER NAME GOES HERE','PEER OCCUPATION GOES HERE','<p>SOME SCHOOL</p>','<p>***PEER*I*AM*INVOLVED*BECAUSE***</p>','PEER WHEN REVIEWING ... GOES HERE',NULL,NULL),(4,'','Spring',2013,'Here\'s the headline','<p>Did you know the JAOA is interested in basic science articles? Here\'s what you can do to help increase such submissions:</p>\r\n\r\n<p>Explain to students and researchers outside of the osteopathic profession how their research may build on the evidence base of the osteopathic tenets.</p>\r\n\r\n<p>Encourage these investigators to submit their basic science research articles to the JAOA. Researchers who prefer to publish their studies in basic science journals should be encouraged to submit derivative articles, in which they explain how their original work connects to and supports the tenets.</p>\r\n','We\'re on Twitter! Follow The Journal of the American Osteopathic Association (JAOA) on Twitter at <a href=\"https://twitter.com/TheJAOA\">@TheJAOA</a> for updates, highlights, and conversations about the JAOA and osteopathic medical research. Hiya.','SCOPUS <a href=\"http://www.scimagojr.com/compare.php?j1=Journal+of+the+American+Osteopathic+Association%2C+The&amp;j2=American+Family+Physician&amp;j3=Physical+Medicine+and+Rehabilitation+Clinics+of+North+America&amp;j4=International+Journal+of+Osteopathic+Medicine&amp;un=journals&amp;inj=0\">has released</a> its SCImage journal rankings for 2012. JAOA rankings have gone up for the second year in a row. Check out the JAOA\'s SCImago Journal &amp; Country ranking. Hiya hiya.','\"I would like more information and guidance about how to promote the JAOA to my colleagues and institution.\"','http://www.do-online.org/JAOA/connections/poll/vote-form.php?poll=11','Michael A. Seffinger, DO','Professor and chair of the Department of NMM/OMM at the Western University of Health Sciences College of Osteopathic Medicine in the Pacific and the Pacific Northwest, and JAOA associate editor','<p>SOME SCHOOL</p>','<p>***PEER*I*AM*INVOLVED*BECAUSE***</p>','Whether it is meaningful to our profession, makes a significant contribution to the scientific literature, describes valid and appropriate methodology, reviews pertinent literature, clearly and accurately reports and interprets the data, and states the conclusions based only on the data obtained. The manuscript should make sense, state its limitations and strengths, and make recommendations for further study.',NULL,NULL),(5,'Editorial Board','Summer',2013,'HEADLINE GOES HERE','<p>MAIN BODY TEXT GOES HERE<p>','LEAD-IN GOES HERE','LEAD-IN KICKER GOES HERE','ONLINE POLL QUESTION GOES HERE','#','PEER NAME GOES HERE','PEER OCCUPATION GOES HERE','<p>SOME SCHOOL</p>','<p>***PEER*I*AM*INVOLVED*BECAUSE***</p>','PEER WHEN REVIEWING ... GOES HERE',NULL,NULL),(6,'','Summer',2013,'HEADLINE GOES HERE','<p>MAIN BODY TEXT GOES HERE<p>','LEAD-IN GOES HERE','LEAD-IN KICKER GOES HERE','ONLINE POLL QUESTION GOES HERE','#','PEER NAME GOES HERE','PEER OCCUPATION GOES HERE','<p>SOME SCHOOL</p>','<p>***PEER*I*AM*INVOLVED*BECAUSE***</p>','PEER WHEN REVIEWING ... GOES HERE',NULL,NULL),(7,'','Summer',2013,'***HEADLINE GOES HERE***','***<p>MAIN BODY TEXT GOES HERE<p>***','***LEAD-IN GOES HERE***','***LEAD-IN KICKER GOES HERE***','***ONLINE POLL QUESTION GOES HERE***','#','***PEER NAME GOES HERE***','***PEER OCCUPATION GOES HERE***','<p>SOME SCHOOL</p>','<p>***PEER*I*AM*INVOLVED*BECAUSE***</p>','***PEER WHEN REVIEWING ... GOES HERE***',NULL,NULL),(8,'','Summer',2013,'***HEADLINE GOES HERE***','<p>***MAIN BODY TEXT GOES HERE***<p>','***LEAD-IN GOES HERE***','***LEAD-IN KICKER GOES HERE***','***ONLINE POLL QUESTION GOES HERE***','#','***PEER NAME GOES HERE***','***PEER OCCUPATION GOES HERE***','<p>SOME SCHOOL</p>','<p>***PEER*I*AM*INVOLVED*BECAUSE***</p>','***PEER WHEN REVIEWING ... GOES HERE***',NULL,NULL),(9,'','Summer',2013,'***HEADLINE***','<p>***MAIN BODY TEXT***<p>','***LEAD-IN***','***LEAD-IN KICKER***','***ONLINE POLL QUESTION***','#','***PEER NAME***','***PEER OCCUPATION***','<p>SOME SCHOOL</p>','<p>***PEER*I*AM*INVOLVED*BECAUSE***</p>','***PEER WHEN REVIEWING ...***',NULL,NULL),(10,'','Summer',2013,'***HEADLINE***','<p>***MAIN BODY TEXT***<p>','***LEAD-IN***','***LEAD-IN KICKER***','***ONLINE POLL QUESTION***','#','***PEER NAME***','***PEER OCCUPATION***','<p>SOME SCHOOL</p>','<p>***PEER*I*AM*INVOLVED*BECAUSE***</p>','***PEER WHEN REVIEWING ...***',NULL,NULL),(11,'Editorial Board','Summer',2013,'***HEADLINE***','<p>***MAIN BODY TEXT***<p>','***LEAD-IN***','***LEAD-IN KICKER***','***ONLINE POLL QUESTION***','#','***PEER NAME***','***PEER OCCUPATION***','<p>SOME SCHOOL</p>','<p>***PEER*I*AM*INVOLVED*BECAUSE***</p>','***PEER WHEN REVIEWING ...***',NULL,NULL),(12,'Editorial Advisory Board','Summer',2013,'***HEADLINE***','<p>***MAIN BODY TEXT***<p>','***LEAD-IN***','***LEAD-IN KICKER***','***ONLINE POLL QUESTION***','#','***PEER NAME***','***PEER OCCUPATION***','<p>SOME SCHOOL</p>','<p>***PEER*I*AM*INVOLVED*BECAUSE***</p>','***PEER WHEN REVIEWING ...***',NULL,NULL),(13,'','Summer',2013,'***HEADLINE***','<p>***MAIN BODY TEXT***<p>','***LEAD-IN***','***LEAD-IN KICKER***','***ONLINE POLL QUESTION***','#','***PEER NAME***','***PEER OCCUPATION***','<p>SOME SCHOOL</p>','<p>***PEER*I*AM*INVOLVED*BECAUSE***</p>','***PEER WHEN REVIEWING ...***',NULL,NULL),(14,'Editorial Board','Summer',2013,'***HEADLINE***','<p>***MAIN BODY TEXT***<p>','***LEAD-IN***','***LEAD-IN KICKER***','***ONLINE POLL QUESTION***','#','***PEER NAME***','***PEER OCCUPATION***','<p>SOME SCHOOL</p>','<p>***PEER*I*AM*INVOLVED*BECAUSE***</p>','***PEER WHEN REVIEWING ...***',NULL,NULL),(15,'Editorial Advisory Board','Summer',2013,'***HEADLINE***','<p>***MAIN BODY TEXT***<p>','***LEAD-IN***','***LEAD-IN KICKER***','***ONLINE POLL QUESTION***','#','***PEER NAME***','***PEER OCCUPATION***','<p>SOME SCHOOL</p>','<p>***PEER*I*AM*INVOLVED*BECAUSE***</p>','***PEER WHEN REVIEWING ...***',NULL,NULL),(16,'Editorial Advisory Board','Summer',2015,'***HEADLINE***','<p>***MAIN BODY TEXT***<p>','***LEAD-IN***','***LEAD-IN KICKER***','***ONLINE POLL QUESTION***','#','***PEER NAME***','***PEER OCCUPATION***','<p>SOME SCHOOL</p>','<p>***PEER*I*AM*INVOLVED*BECAUSE***</p>','***PEER WHEN REVIEWING ...***',NULL,NULL),(17,'','Winter',2016,'***HEADLINE***','<p>***MAIN BODY TEXT***<p>','***LEAD-IN***','***LEAD-IN KICKER***','***ONLINE POLL QUESTION***','#','***PEER NAME***','***PEER OCCUPATION***','<p>SOME SCHOOL</p>','<p>***PEER*I*AM*INVOLVED*BECAUSE***</p>','***PEER WHEN REVIEWING ...***',NULL,NULL),(18,'','Summer',2014,'Here\'s the new headline for Summer 2014','<p>***MAIN BODY TEXT***<p>','<p>Here\'s the new lead-in. Wow. Here we are appending to the new lead-in. And here\'s a new sentence. And , like, here\'s another new sentence. Here\'s a <a href=\'http://www.thedo.osteopathic.org\' title=\'The DO\' style=\'color: rgb(253, 197, 120);\'>link</a> to play with. And here\'s another <a href=\'#\' title=\'\'>link</a> to play with.</p>','<p>Oh man, here\'s the lead-in kicker for id=18. And <a href=\'#\' title=\'\'>here\'s a link</a>.</p>','***ONLINE POLL QUESTION***','#','***PEER NAME***','***PEER OCCUPATION***','<p>SOME SCHOOL</p>','<p>***PEER*I*AM*INVOLVED*BECAUSE***</p>','***PEER WHEN REVIEWING ...***',NULL,NULL),(19,'','Summer',2014,'','','',NULL,NULL,NULL,'',NULL,'<p>SOME SCHOOL</p>','<p>***PEER*I*AM*INVOLVED*BECAUSE***</p>',NULL,NULL,NULL),(20,'','Summer',2014,'***HEADLINE***','<p>***MAIN BODY TEXT***<p>','***LEAD-IN***','***LEAD-IN KICKER***','***ONLINE POLL QUESTION***','#','***PEER NAME***','***PEER OCCUPATION***','<p>SOME SCHOOL</p>','<p>***PEER*I*AM*INVOLVED*BECAUSE***</p>','***PEER WHEN REVIEWING ...***',NULL,NULL),(21,'','Summer',2014,'***HEADLINE***','<p>***MAIN BODY TEXT***<p>','Here\'s the new lead-in for the newsletter.','<p>***LEAD-IN KICKER***</p>','***ONLINE POLL QUESTION***','#','***PEER NAME***','***PEER OCCUPATION***','<p>SOME SCHOOL</p>','<p>***PEER*I*AM*INVOLVED*BECAUSE***</p>','***PEER WHEN REVIEWING ...***',NULL,NULL),(22,'Editorial Board','Summer',2015,'***HEADLINE***','<p>***MAIN BODY TEXT***<p>','<p style=\"font-size: 14px; color: rgb(253, 197, 120); line-height: 22px; margin: 10px 20px;\">Here\'s a sentence that I\'m writing right now. And here\'s another. And here\'s a <a href=\"#\" title=\"\" style=\"color: rgb(253, 197, 120);\">link</a>.                      </p>','<p>Here\'s the lead-in kicker</p>','***ONLINE POLL QUESTION***','#','Sam Seaborn, DO','***PEER OCCUPATION***','<p>SOME SCHOOL</p>','<p>***PEER*I*AM*INVOLVED*BECAUSE***</p>','***PEER WHEN REVIEWING ...***',NULL,NULL),(23,'','Winter',2014,'Here\'s the headline.','<p>***MAIN BODY TEXT***<p>','<p>Here\'s the lead-[in for  this issue.</p>','<p style=\"font-size: 14px; color: rgb(17, 31, 67); line-height: 18px; font-weight: bold; margin: 3px 20px 6px;\">Cum sociis natoque penatibus et magnis dis parturient montes, nascetur ridiculus mus. <a href=\'#\'>Donec</a> ullamcorper nulla non metus auctor fringilla. Vestibulum id ligula porta felis euismod semper.</p>','***ONLINE POLL QUESTION***','#','***PEER NAME***','***PEER OCCUPATION***','<p>SOME SCHOOL</p>','<p>***PEER*I*AM*INVOLVED*BECAUSE***</p>','***PEER WHEN REVIEWING ...***',NULL,NULL),(24,'','Summer',2014,'***HEADLINE***','<p>***MAIN BODY TEXT***<p>','<p>***LEAD-IN***</p>','<p>***LEAD-IN KICKER***</p>','***ONLINE POLL QUESTION***','#','***PEER NAME***','***PEER OCCUPATION***','<p>SOME SCHOOL</p>','<p>***PEER*I*AM*INVOLVED*BECAUSE***</p>','***PEER WHEN REVIEWING ...***',NULL,NULL),(25,'Editorial Board','Summer',2016,'<h2>Here\'s the headline</h2>','<p>As a peer reviewer for the JAOA, it is important to be familiar with not only the peer review process, but also with The Journal\'s submission expectations. Before conducting your review, be sure you are conversant with the JAOA\'s Information for Authors page on <a href=\"http://www.jaoa.org\">JAOA.org</a>. The next time you review an article for the JAOA, remember:<p>\r\n\r\n<ul>\r\n<li>Contributors to the JAOA follow this “Manuscript Checklist.\"</li>\r\n<li>The JAOA\'s contributors must adhere to these 10 manuscript components. </li>\r\n<li>Word count, reference, and graphic element requirements are specified for each article category.  a graphic element.</li>\r\n<li>Original contributions, meta-analyses, systematic reviews, and brief reports require structured abstracts.</li>\r\n<li>References should follow standard medical citation formatting.</li>\r\n</ul>\r\n','<p style=\"font-size: 14px; color: rgb(253, 197, 120); line-height: 22px; margin: 10px 20px;\">\r\n\r\nWe\'re on Twitter! Follow The Journal of the American Osteopathic Association (<em>JAOA</em>) on Twitter at <a href=\"#\" style=\"color: rgb(253, 197, 120);\">@TheJAOA</a> for updates, highlights, and conversations about the JAOA and osteopathic medical research.\r\n\r\n\r\n</p>','<p style=\"font-size: 14px; color: rgb(17, 31, 67); line-height: 18px; font-weight: bold; margin: 3px 20px 6px;\">Take note of the <a href=\"http://www.jaoa.org/content/113/9/654.full\" style=\"color: rgb(17, 31, 67);\">special report</a> on the AOA\'s Strategic Research Plan by JAOA Editorial Advisory Board member Brian F. Degenhardt, DO. Get to know our submission guidelines.</p>','\"When I review for the JAOA, I refer to the JAOA Instructions for Authors…\"','#','Thomas Wesley Allen, DO, MPH','Osteopathic physician, former dean of the College of Osteopathic Medicine at Oklahoma State University, former editor in chief of the <em>JAOA</em>','<p>SOME SCHOOL</p>','<p>***PEER*I*AM*INVOLVED*BECAUSE***</p>','I always consider whether the hypothesis is clear, the methods well summarized, and the conclusion succinct. I consider the significance of the research question and the originality of the research. I also ask myself the following questions: Do the writing style and structure of the paper clearly convey the research? Are ethical considerations addressed? Will the abstract encourage the audience to read the full study? It is essential, of course, to provide specific suggestions to the author when it would be helpful in improving the paper.',NULL,NULL),(26,'Editorial Advisory Board','Fall',2015,'<h2>***HEADLINE***</h2>','<p>***MAIN BODY TEXT***<p>','<p>***LEAD-IN***</p>','<p>***LEAD-IN KICKER***</p>','***ONLINE POLL QUESTION***','#','***PEER NAME***','***PEER OCCUPATION***','<p>SOME SCHOOL</p>','<p>***PEER*I*AM*INVOLVED*BECAUSE***</p>','***PEER WHEN REVIEWING ...***',NULL,NULL),(27,'','Summer',2014,'<h2>***HEADLINE***</h2>','<p>***MAIN BODY TEXT***<p>','<p>***LEAD-IN***</p>','<p>***LEAD-IN KICKER***</p>','***ONLINE POLL QUESTION***','#','***PEER NAME***','***PEER OCCUPATION***','<p>SOME SCHOOL</p>','<p>***PEER*I*AM*INVOLVED*BECAUSE***</p>','***PEER WHEN REVIEWING ...***',NULL,NULL),(28,'','Summer',2014,'<h2>***HEADLINE***</h2>','<p>***MAIN BODY TEXT***<p>','<p>***LEAD-IN***</p>','<p>***LEAD-IN KICKER***</p>','***ONLINE POLL QUESTION***','#','***PEER NAME***','***PEER OCCUPATION***','<p>SOME SCHOOL</p>','<p>***PEER*I*AM*INVOLVED*BECAUSE***</p>','***PEER WHEN REVIEWING ...***',NULL,NULL),(29,'','Summer',2014,'<h2>***HEADLINE***</h2>','<p>***MAIN BODY TEXT***<p>','<p>***LEAD-IN***</p>','<p>***LEAD-IN KICKER***</p>','***ONLINE POLL QUESTION***','#','***PEER NAME***','***PEER OCCUPATION***','<p>SOME SCHOOL</p>','<p>***PEER*I*AM*INVOLVED*BECAUSE***</p>','***PEER WHEN REVIEWING ...***',NULL,NULL),(30,'Editorial Board','Summer',2016,'<h2>***HEADLINE***</h2>','<p>***MAIN BODY TEXT***<p>','<p style=\"font-size: 14px; color: rgb(253, 197, 120); line-height: 22px; margin: 10px 20px;\">\r\nWe\'re on Twitter! Follow The Journal of the American Osteopathic Association (JAOA) on Twitter at @TheJAOA for updates, highlights, and conversations about the JAOA and osteopathic medical research.\r\n\r\n\r\n\r\n</p>','<p style=\"font-size: 14px; color: rgb(17, 31, 67); line-height: 18px; font-weight: bold; margin: 3px 20px 6px;\">\r\nTake note of the special report on the AOA\'s Strategic Research Plan by JAOA Editorial Advisory Board member Brian F. Degenhardt, DO.Get to know our submission guidelines. Here\'s another sentence.\r\n\r\n</p>','***ONLINE POLL QUESTION***','#','***PEER NAME***','***PEER OCCUPATION***','<p>SOME SCHOOL</p>','<p>***PEER*I*AM*INVOLVED*BECAUSE***</p>','***PEER WHEN REVIEWING ...***',NULL,NULL),(31,'Editorial Board','Fall',2015,'<h2>***HEADLINE***</h2>','<p>***MAIN BODY TEXT***<p>','<p style=\"font-size: 14px; color: rgb(253, 197, 120); line-height: 22px; margin: 10px 20px;\">\r\nWe\'re on Twitter! Follow The Journal of the American Osteopathic Association (JAOA) on Twitter at <a href=\'#\'>@TheJAOA</a> for updates, highlights, and conversations about the JAOA and osteopathic medical research.\r\n\r\n</p>','<p style=\"font-size: 14px; color: rgb(17, 31, 67); line-height: 18px; font-weight: bold; margin: 3px 20px 6px;\">Take note of the special report on the AOA\'s Strategic Research Plan by JAOA Editorial Advisory Board member Brian F. Degenhardt, DO.Get to know our submission guidelines.\r\n</p>','***ONLINE POLL QUESTION***','#','***PEER NAME***','***PEER OCCUPATION***','<p>SOME SCHOOL</p>','<p>***PEER*I*AM*INVOLVED*BECAUSE***</p>','***PEER WHEN REVIEWING ...***',NULL,NULL),(32,'','Summer',2014,'<h2>***HEADLINE***</h2>','<p>***MAIN BODY TEXT***<p>','<p>***LEAD-IN***</p>','<p>***LEAD-IN KICKER***</p>','***ONLINE POLL QUESTION***','#','***PEER NAME***','***PEER OCCUPATION***','<p>SOME SCHOOL</p>','<p>***PEER*I*AM*INVOLVED*BECAUSE***</p>','***PEER WHEN REVIEWING ...***',NULL,NULL),(33,'','Summer',2014,'<h2>***HEADLINE***</h2>','<p>***MAIN BODY TEXT***<p>','<p>***LEAD-IN***</p>','<p>***LEAD-IN KICKER***</p>','***ONLINE POLL QUESTION***','#','***PEER NAME***','***PEER OCCUPATION***','<p>SOME SCHOOL</p>','<p>***PEER*I*AM*INVOLVED*BECAUSE***</p>','***PEER WHEN REVIEWING ...***',NULL,NULL),(34,'','Summer',2016,'<h2>***HEADLINE***</h2>','<p>***MAIN BODY TEXT***<p>','<p>***LEAD-IN***</p>','<p>***LEAD-IN KICKER***</p>','***ONLINE POLL QUESTION***','#','***PEER NAME***','***PEER OCCUPATION***','<p>SOME SCHOOL</p>','<p>***PEER*I*AM*INVOLVED*BECAUSE***</p>','***PEER WHEN REVIEWING ...***',NULL,NULL),(35,'','Summer',2014,'<h2>***HEADLINE***</h2>','<p>***MAIN BODY TEXT***<p>','<p>***LEAD-IN***</p>','<p>***LEAD-IN KICKER***</p>','***ONLINE POLL QUESTION***','#','***PEER NAME***','***PEER OCCUPATION***','<p>SOME SCHOOL</p>','<p>***PEER*I*AM*INVOLVED*BECAUSE***</p>','***PEER WHEN REVIEWING ...***',NULL,NULL),(36,'Editorial Advisory Board','Summer',2014,'<h2>***HEADLINE***</h2>','<p>***MAIN*BODY*TEXT***<p>','<p>***LEAD*IN***</p>','<p>***LEAD*IN*KICKER***</p>','***ONLINE*POLL*QUESTION***','#','***PEER*NAME***','***PEER*OCCUPATION***','<p>SOME SCHOOL</p>','<p>***PEER*I*AM*INVOLVED*BECAUSE***</p>','***PEER*WHEN*REVIEWING***',NULL,NULL),(37,'Editorial Board','Summer',2014,'headline goes here','body text goes here','<p>***LEAD*IN***</p>','<p>***LEAD*IN*KICKER***</p>','***ONLINE*POLL*QUESTION***','#','***PEER*NAME***','***PEER*OCCUPATION***','<p>SOME SCHOOL</p>','<p>***PEER*I*AM*INVOLVED*BECAUSE***</p>','***PEER*WHEN*REVIEWING***',NULL,NULL),(38,'','Summer',2014,'<h2 style=\"color: rgb(17, 31, 76); font-size: 15px; margin: 10px 20px 0px;\">Promote the <em>JAOA</em></h2>','<p>Because <em>JAOA</em> Editorial Board members are at the forefront of clinical and investigative research and practice, we are calling on you to advocate the <em>JAOA</em> as a publication that remains of importance to osteopathic medical research. Help demonstrate to prospective authors that the <em>JAOA</em> is the premier vehicle for publication of such research. Here are 3 easy ways to actively promote The Journal:</p>\r\n<ul>\r\n<li>Use the <em>JAOA</em> Editorial Board workspace found in the \"My Committees\" section of Osteopathic.org. The \"Committee Discussions\" page is a great place to share promotional ideas and strategies.</li>\r\n<li>Stimulate conversations by forwarding relevant <em>JAOA</em> article links from new electronic table of contents (eTOCs) to your colleagues.</li>\r\n<li>Publicize the <em>JAOA</em>\'s RSS feeds by inviting osteopathic medical research experts to subscribe to the feed in order to keep up with the latest research in osteopathic medicine.</li>\r\n</ul>','<p>Connections is a useful means of staying in touch with the workings of the <em>JAOA</em>, the <em>JAOA</em> editor-in-chief, and associate editors to ensure a progressive and supportive <em>JAOA</em> Editorial Board. Consistent notifications regarding article topics, authors, and interviews with fellow board members can be especially valuable in maintaining a productive and helpful <em>JAOA</em> Editorial Board.</p>','<p style=\"font-size: 14px; color: rgb(17, 31, 67); line-height: 18px; font-weight: bold; margin: 3px 20px 6px;\">Please remember to update your area of expertise in ScholarOne.</p>','<h2 style=\"color: #111f43; font-size: 15px; margin-top: 10px; margin-right: 20px; margin-bottom: 3px; margin-left: 15px;\"><a href=\"#\" title=\"Online poll\" style=\"color: #111f43;\">Take Our Online Poll</a></h2>\r\n                                <p style=\"font-size: 13px; color: #333333; line-height: 17px; margin-top: 0px; margin-right: 20px; margin-bottom: 10px; margin-left: 15px;\">\r\n                                  </p><h2 style=\"color: #111f43; font-size: 15px; margin-top: 10px; margin-right: 20px; margin-bottom: 3px; margin-left: 15px;\"><a href=\"#\" title=\"Online poll\" style=\"color: #111f43;\">Take Our Online Poll</a></h2>\r\n                                <p style=\"font-size: 13px; color: #333333; line-height: 17px; margin-top: 0px; margin-right: 20px; margin-bottom: 10px; margin-left: 15px;\">\r\n                                  ***ONLINE*POLL*QUESTION***                                  </p>\r\n                                  <strong><a href=\"#\" title=\"Online poll\" style=\"font-size: 13px; color: #111f43; line-height: 17px; margin-top: 0px; margin-right: 20px; margin-bottom: 10px; margin-left: 15px;\">Click to let us know!</a></strong>\r\n                                <p></p>                                  <p></p>\r\n                                  <strong><a href=\"#\" title=\"Online poll\" style=\"font-size: 13px; color: #111f43; line-height: 17px; margin-top: 0px; margin-right: 20px; margin-bottom: 10px; margin-left: 15px;\">Click to let us know!</a></strong>\r\n                                <p></p>','#','***PEER*NAME***','***PEER*OCCUPATION***','<p>SOME SCHOOL</p>','<p>***PEER*I*AM*INVOLVED*BECAUSE***</p>','***PEER*WHEN*REVIEWING***',NULL,NULL),(39,'Editorial Advisory Board','Summer',2014,'<h2 style=\"color: rgb(17, 31, 76); font-size: 15px; margin: 10px 20px 0px;\"><a href=\"#\" title=\"Online poll\" style=\"color: rgb(17, 31, 67);\">Take Our Online Poll</a></h2>','<p id=\"main_body_text_to_edit\" style=\"font-size: 13px; color: rgb(51, 51, 51); line-height: 17px; margin: 0px 20px 10px;\">Because <em>JAOA</em> Editorial Board members are at the forefront of clinical and investigative research and practice, we are calling on you to advocate the <em>JAOA</em> as a publication that remains of importance to osteopathic medical research. Help demonstrate to prospective authors that the <em>JAOA</em> is the premier vehicle for publication of such research. Here are 3 easy ways to actively promote The Journal:</p>\r\n<ul style=\"font-size: 13px; color: rgb(51, 51, 51); line-height: 17px; margin-top: 0px; margin-right: 20px;\">\r\n<li>Use the <em>JAOA</em> Editorial Board workspace found in the \"My Committees\" section of Osteopathic.org. The \"Committee Discussions\" page is a great place to share promotional ideas and strategies.</li>\r\n<li>Stimulate conversations by forwarding relevant <em>JAOA</em> article links from new electronic table of contents (eTOCs) to your colleagues.</li>\r\n<li>Publicize the <em>JAOA</em>\'s RSS feeds by inviting osteopathic medical research experts to subscribe to the feed in order to keep up with the latest research in osteopathic medicine.</li>\r\n</ul>','<p style=\"font-size: 14px; color: rgb(253, 197, 120); line-height: 22px; margin: 10px 20px;\">Connections is a useful means of staying in touch with the workings of the <em>JAOA</em>, the <em>JAOA</em> editor-in-chief, and associate editors to ensure a progressive and supportive <em>JAOA</em> Editorial Board. Consistent notifications regarding article topics, authors, and interviews with fellow board members can be especially valuable in maintaining a productive and helpful <em>JAOA</em> Editorial Board.</p>','<p style=\"font-size: 14px; color: rgb(17, 31, 67); line-height: 18px; font-weight: bold; margin: 3px 20px 6px;\">Please remember to update your area of expertise in ScholarOne.</p>','\"Cras mattis consectetur purus sit\'s amet fermentum. Maecenas faucibus mollis interdum.\"','#','***PEER*NAME***','***PEER*OCCUPATION***','<p>SOME SCHOOL</p>','<p>***PEER*I*AM*INVOLVED*BECAUSE***</p>','***PEER*WHEN*REVIEWING***',NULL,NULL),(40,'','Summer',2014,'<h2>***HEADLINE***</h2>','<p>***MAIN*BODY*TEXT***<p>','<p>Connections is a useful means of staying in touch with the workings of the <em>JAOA</em>, the <em>JAOA</em> editor-in-chief, and associate editors to ensure a progressive and supportive <em>JAOA</em> Editorial Board. Consistent notifications regarding article topics, authors, and interviews with fellow board members can be especially valuable in maintaining a productive and helpful <em>JAOA</em> Editorial Board</p>','<p>***LEAD*IN*KICKER***</p>','***ONLINE*POLL*QUESTION***','#','***PEER*NAME***','***PEER*OCCUPATION***','<p>SOME SCHOOL</p>','<p>***PEER*I*AM*INVOLVED*BECAUSE***</p>','***PEER*WHEN*REVIEWING***',NULL,NULL),(41,'','Summer',2014,'<h2>***HEADLINE***</h2>','<p>***MAIN*BODY*TEXT***<p>','<p>***LEAD*IN***</p>','<p>***LEAD*IN*KICKER***</p>','***ONLINE*POLL*QUESTION***','#','***PEER*NAME***','***PEER*OCCUPATION***','<p>SOME SCHOOL</p>','<p>***PEER*I*AM*INVOLVED*BECAUSE***</p>','***PEER*WHEN*REVIEWING***',NULL,NULL),(42,'Editorial Advisory Board','Fall',2015,'<h2>***HEADLINE***</h2>','<p>***MAIN*BODY*TEXT***<p>','<p>***LEAD*IN***</p>','<p>***LEAD*IN*KICKER***</p>','***ONLINE*POLL*QUESTION***','#','***PEER*NAME***','***PEER*OCCUPATION***','<p>SOME SCHOOL</p>','<p>***PEER*I*AM*INVOLVED*BECAUSE***</p>','***PEER*WHEN*REVIEWING***',NULL,NULL),(43,'','Summer',2014,'<h1>***HEADLINE***</h1>','<p>***MAIN*BODY*TEXT***</p>','<p>***LEAD*IN***</p>','<p>***LEAD*IN*KICKER***</p>','***ONLINE*POLL*QUESTION***','#','***PEER*NAME***','***PEER*OCCUPATION***','<p>SOME SCHOOL</p>','<p>***PEER*I*AM*INVOLVED*BECAUSE***</p>','***PEER*WHEN*REVIEWING***',NULL,NULL),(44,'Editorial Board','Summer',2014,'<h1 style=\"color: rgb(17, 31, 76); font-size: 15px; margin: 10px 20px 0px;\">Promote the <em>JAOA</em></h1>','<p id=\"main_body_text_to_edit\" style=\"font-size: 13px; color: rgb(51, 51, 51); line-height: 17px; margin: 0px 20px 10px; text-align: left;\">Because <em>JAOA</em> Editorial Board members are at the forefront of clinical and investigative research and practice, we are calling on you to advocate the <em>JAOA</em> as a publication that remains of importance to osteopathic medical research. Help demonstrate to prospective authors that the <em><a href=\"http://www.jaoa.org\" title=\"The Journal of the American Osteopathic Association\" style=\"color: rgb(17, 31, 67);\">JAOA</a></em> is the premier vehicle for publication of such research. Here are 3 easy ways to actively promote The Journal:</p>\r\n<ul style=\"font-size: 13px; color: rgb(51, 51, 51); line-height: 17px; margin-top: 0px; margin-right: 20px;\">\r\n<li>Use the <em>JAOA</em> Editorial Board workspace found in the \"My Committees\" section of Osteopathic.org. The \"Committee Discussions\" page is a great place to share promotional ideas and strategies.</li>\r\n<li>Stimulate conversations by forwarding relevant <em>JAOA</em> article links from new electronic table of contents (eTOCs) to your colleagues.</li>\r\n<li>Publicize the <em>JAOA</em>\'s RSS feeds by inviting osteopathic medical research experts to subscribe to the feed in order to keep up with the latest research in osteopathic medicine.</li>\r\n</ul>','<p style=\"font-size: 14px; color: rgb(253, 197, 120); line-height: 22px; margin: 10px 20px; text-align: left;\">Connections is a useful means of staying in touch with the workings of the <em>JAOA</em>, the <em>JAOA</em> editor-in-chief, yo yo yo hubba hubba hey batta hey batta hey batta and associate editors to ensure a progressive and supportive <em>JAOA</em> Editorial Board. Consistent notifications regarding article topics, authors, and <a href=\"#\" style=\"color: rgb(253, 197, 120);\">interviews</a> with fellow board members can be especially valuable in maintaining a productive and helpful <em>JAOA</em> Editorial Board.</p><p style=\"font-size: 14px; color: rgb(253, 197, 120); line-height: 22px; margin: 10px 20px; text-align: left;\"></p>\r\n\r\n<p style=\"font-size: 14px; color: rgb(253, 197, 120); line-height: 22px; margin: 10px 20px; text-align: left;\">And here\'s a paragraph to wrap things up.\r\n</p>\r\n\r\n<p style=\"font-size: 14px; color: rgb(253, 197, 120); line-height: 22px; margin: 10px 20px; text-align: left;\">Let\'s make a new paragraph for fun. And here\'s a <a href=\"http://www.google.com\" style=\"color: rgb(253, 197, 120);\">link</a> again.</p>','<p style=\"font-size: 14px; color: rgb(17, 31, 67); line-height: 18px; font-weight: bold; margin: 3px 20px 6px; text-align: left;\">Please remember to update your area of expertise in ScholarOne <a href=\"http://www.google.com\">heya</a>.</p>','<p style=\"font-size: 13px; color: rgb(51, 51, 51); line-height: 17px; margin: 0px 20px 10px 15px; text-align: left;\">Here\'s the question and it runs about this long, no this long.</p>','http://','<h2 style=\"margin-bottom: 10px; font-size: 17px; color: rgb(17, 31, 67); margin-top: 3px;\">John C. Licciardone, DO, MS, MBA</h2>','<p>Professor and chair of the Department of NMM/OMM at the Western University of Health Sciences College of Osteopathic Medicine in the Pacific and the Pacific Northwest, and JAOA associate editor</p>','<p style=\"font-size: 13px; color: rgb(51, 51, 51); line-height: 17px; margin: 0px; text-align: left;\">MWU/AZCOM, Class of 1971.</p>','<p style=\"font-size: 13px; color: rgb(51, 51, 51); line-height: 17px; margin: 0px; text-align: left;\">I wish to help The Journal gain greater visibility and further influence among educators, researchers, and clinicians in primary care because osteopathic medicine has much to offer the American public with health care reform.</p>','<p style=\"font-size: 13px; color: rgb(51, 51, 51); line-height: 17px; margin: 0px; text-align: left;\">The validity and generalizability of the research findings. I <em>look</em> for a balance between scientific rigor in the investigative process <a href=\"#\" style=\"color: rgb(17, 31, 67);\">and</a> a pragmatic approach that facilitates the translation of research findings into real-world clinical practice. Yep.</p>',NULL,NULL),(45,'','Summer',2014,'','','',NULL,NULL,NULL,'',NULL,'<p>SOME SCHOOL</p>',NULL,NULL,NULL,NULL),(46,'','Summer',2014,'afe','4','a\r\n\r\n\r\n ','faf','e','#','<p>***PEER*NAME***</p>','<p>***PEER*OCCUPATION***</p>','<p>SOME SCHOOL</p>','<p>I wish to help The Journal gain greater visibility and further influence among educators, researchers, and clinicians in primary care because osteopathic medicine has much to offer the American public with health care reform.</p>\n','<p>***PEER*WHEN*REVIEWING***</p>',NULL,NULL),(47,'Editorial Advisory Board','Winter',2016,'<h1>***HEADLINE***</h1>','<p>***MAIN*BODY*TEXT***</p>','<p>***LEAD*IN***</p>','<p>***LEAD*IN*KICKER***</p>','<p>***ONLINE*POLL*QUESTION***</p>','http://','<p>***PEER*NAME***</p>','<p>***PEER*OCCUPATION***</p>','<p>***PEER*SCHOOL***</p>','<p>***PEER*I*AM*INVOLVED*BECAUSE***</p>','<p>***PEER*WHEN*REVIEWING***</p>',NULL,NULL),(48,'Editorial Board','Summer',2015,'<h1>***HEADLINE***</h1>','<p>***MAIN*BODY*TEXT***</p>','<p>***LEAD*IN***</p>','<p>***LEAD*IN*KICKER***</p>','<p style=\"font-size: 13px; color: rgb(51, 51, 51); line-height: 17px; margin: 0px 20px 10px 15px; text-align: left;\">Here\'s the poll question. It runs about this long. No about this long.</p>','http://','<h2>***PEER*NAME***</h2>','<p>***PEER*OCCUPATION***</p>','<p>***PEER*SCHOOL***</p>','<p>***PEER*I*AM*INVOLVED*BECAUSE***</p>','<p>***PEER*WHEN*REVIEWING***</p>',NULL,NULL),(49,'Editorial Board','Summer',2014,'<h1 style=\"color: rgb(17, 31, 76); font-size: 15px; margin: 10px 20px 0px;\">The Good, The Bad, and The Reviewer</h1>','<p id=\"main_body_text_to_edit\" style=\"font-size: 13px; color: rgb(51, 51, 51); line-height: 17px; margin: 0px 20px 10px; text-align: left;\">At OMED, Dr D\'Alonzo shared his philosophy about peer reviewing in saying that whatever comments you write should always be intended to make the manuscript better. When reviewing, push yourself a bit further to tell the author specifically what works and what does not. Simply stating \"good\" or \"bad\" will leave the author feeling either validated or offended rather than encouraged to improve his or her writing. Providing specific suggestions will make a notable difference in both the manuscript you are reviewing and in the author\'s overall writing skills.</p>\r\n<ul style=\"font-size: 13px; color: rgb(51, 51, 51); line-height: 17px; margin-top: 0px; margin-right: 20px;\">\r\n<li>Is the manuscript missing references? Bring this to the author\'s attention.</li>\r\n<li>Let the author know something is working well—for example, explain how the data they have presented further proves their point.</li>\r\n<li>If you aren\'t sure why certain information has been presented to you as a reader, let the author know. What may seem clear or confusing to you will likely resound with fellow readers.</li>\r\n</ul>','<p style=\"font-size: 14px; color: rgb(253, 197, 120); line-height: 22px; margin: 10px 20px; text-align: left;\">Welcome to our very first newsletter designed to keep you up-to-date and involved with the <em><a href=\"http://www.jaoa.org\" title=\"The Journal of the American Osteopathic Association\" style=\"color: rgb(253, 197, 120);\">JAOA</a></em>.</p>\r\n\r\n<p style=\"font-size: 14px; color: rgb(253, 197, 120); line-height: 22px; margin: 10px 20px; text-align: left;\">We envision this newsletter to be both a way to keep us all connected and an important source of helpful information with regard to your responsibilities as peer reviewers for the <em>JAOA</em>.</p>','<p>Watch for our new look ... coming in the January 2012 issue.</p>','<p>\"Would you feel more comfortable submitting constructive criticism if you were unaware of the article\'s author?\"</p>','http://www.magnetmail.net/forms/display_form.cfm?fid=34947&mid=INCLUDEMESSAGEID&rid=999999999&rtype=mm&uid=AOA_DOP','<h2 style=\"margin-bottom: 10px; font-size: 17px; color: rgb(17, 31, 67); margin-top: 3px;\">Hollis H. King, DO, PhD</h2>','<p style=\"font-size: 13px; color: rgb(51, 51, 51); line-height: 17px; margin: 0px; text-align: left;\">Professor of Family Medicine at the University of Wisconsin School of Medicine and Public Health</p>','<p style=\"font-size: 13px; color: rgb(51, 51, 51); line-height: 17px; margin: 0px; text-align: left;\">University of North Texas Health Science Center Texas College of Osteopathic Medicine, Class of 1983</p>','<p style=\"font-size: 13px; color: rgb(51, 51, 51); line-height: 17px; margin: 0px; text-align: left;\">I have been a peer reviewer for the <em>JAOA</em> since 1994 because of my interest in producing the highest quality manuscripts possible for publication. I have seen the <em><a href=\"http://www.jaoa.org\">JAOA</a></em> grow in quality over the years and am committed to sustaining its growth as a source of information about all matters osteopathic.</p>','<p style=\"font-size: 13px; color: rgb(51, 51, 51); line-height: 17px; margin: 0px; text-align: left;\">When completing a peer review, I always consider the strength of the design and the quality and nature of the citations. I often find that authors could have used a better citation and sometimes have misconstrued what they have cited. In two instances I have felt the data were so important to report and the manuscript so poorly written that I have volunteered to help revise the manuscript.</p>',NULL,NULL),(50,'Editorial Board','Fall',2015,'<h1>***HEADLINE***</h1>','<p>***MAIN*BODY*TEXT***</p>','<p>***LEAD*IN***</p>','<p>***LEAD*IN*KICKER***</p>','<p>***ONLINE*POLL*QUESTION***</p>','http://','<h2 style=\"margin-bottom: 10px; font-size: 17px; color: rgb(17, 31, 67); margin-top: 3px;\">***PEER*NAME***</h2>','<p style=\"font-size: 13px; color: rgb(51, 51, 51); line-height: 17px; margin: 0px; text-align: left;\">***PEER*OCCUPATION***</p>','<p style=\"font-size: 13px; color: rgb(51, 51, 51); line-height: 17px; margin: 0px; text-align: left;\">***PEER*SCHOOL***</p>','<p style=\"font-size: 13px; color: rgb(51, 51, 51); line-height: 17px; margin: 0px; text-align: left;\">***PEER*INVOLVED*BECAUSE***</p>','<p style=\"font-size: 13px; color: rgb(51, 51, 51); line-height: 17px; margin: 0px; text-align: left;\">***PEER*WHEN*REVIEWING***</p>',NULL,NULL),(51,'Peer Reviewers','Summer',2014,'<h1>***HEADLINE***</h1>','<p>***MAIN*BODY*TEXT***</p>','<p>***LEAD*IN***</p>','<p>***LEAD*IN*KICKER***</p>','<p>***ONLINE*POLL*QUESTION***</p>','http://','<h2 style=\"margin-bottom: 10px; font-size: 17px; color: rgb(17, 31, 67); margin-top: 3px;\">***PEER*NAME***</h2>','<p style=\"font-size: 13px; color: rgb(51, 51, 51); line-height: 17px; margin: 0px; text-align: left;\">***PEER*OCCUPATION***</p>','<p style=\"font-size: 13px; color: rgb(51, 51, 51); line-height: 17px; margin: 0px; text-align: left;\">***PEER*SCHOOL***</p>','<p style=\"font-size: 13px; color: rgb(51, 51, 51); line-height: 17px; margin: 0px; text-align: left;\">***PEER*INVOLVED***</p>','<p style=\"font-size: 13px; color: rgb(51, 51, 51); line-height: 17px; margin: 0px; text-align: left;\">***PEER*WHEN*REVIEWING***</p>',NULL,NULL),(52,'Editorial Board','Winter',2016,'<h1>***HEADLINE***</h1>','<p>***MAIN*BODY*TEXT***</p>','<p>***LEAD*IN***</p>','<p>***LEAD*IN*KICKER***</p>','<p>***ONLINE*POLL*QUESTION***</p>','http://','<h2>***PEER*NAME***</h2>','<p>***PEER*OCCUPATION***</p>','<p>***PEER*SCHOOL***</p>','<p>***PEER*INVOLVED*BECAUSE***</p>','<p>***PEER*WHEN*REVIEWING***</p>',NULL,NULL),(53,'Peer Reviewers','Summer',2014,'<h1>***HEADLINE***</h1>','<p>***MAIN*BODY*TEXT***</p>','<p>***LEAD*IN***</p>','<p>***LEAD*IN*KICKER***</p>','<p>***ONLINE*POLL*QUESTION***</p>','http://','<h2>***PEER*NAME***</h2>','<p>***PEER*OCCUPATION***</p>','<p>***PEER*SCHOOL***</p>','<p>***PEER*INVOLVED*BECAUSE***</p>','<p>***PEER*WHEN*REVIEWING***</p>',NULL,NULL),(54,'Peer Reviewers','Summer',2014,'<h1>***HEADLINE***</h1>','<p>***MAIN*BODY*TEXT***</p>','<p>***LEAD*IN***</p>','<p>***LEAD*IN*KICKER***</p>','<p>***ONLINE*POLL*QUESTION***</p>','http://','<h2>***PEER*NAME***</h2>','<p>***PEER*OCCUPATION***</p>','<p>***PEER*SCHOOL***</p>','<p>***PEER*INVOLVED*BECAUSE***</p>','<p>***PEER*WHEN*REVIEWING***</p>',NULL,NULL),(55,'Peer Reviewers','Summer',2014,'<h1>***HEADLINE***</h1>','<p>***MAIN*BODY*TEXT***</p>','<p>***LEAD*IN***</p>','<p>***LEAD*IN*KICKER***</p>','<p>***ONLINE*POLL*QUESTION***</p>','http://','<h2>***PEER*NAME***</h2>','<p>***PEER*OCCUPATION***</p>','<p>***PEER*SCHOOL***</p>','<p>***PEER*INVOLVED*BECAUSE***</p>','<p>***PEER*WHEN*REVIEWING***</p>',NULL,NULL),(56,'Peer Reviewers','Summer',2014,'<h1>***HEADLINE***</h1>','<p>***MAIN*BODY*TEXT***</p>','<p>***LEAD*IN***</p>','<p>***LEAD*IN*KICKER***</p>','<p>***ONLINE*POLL*QUESTION***</p>','http://','<h2>***PEER*NAME***</h2>','<p>***PEER*OCCUPATION***</p>','<p>***PEER*SCHOOL***</p>','<p>***PEER*INVOLVED*BECAUSE***</p>','<p>***PEER*WHEN*REVIEWING***</p>',NULL,NULL),(57,'Peer Reviewers','Summer',2014,'<h1>***HEADLINE***</h1>','<p>***MAIN*BODY*TEXT***</p>','<p>***LEAD*IN***</p>','<p>***LEAD*IN*KICKER***</p>','<p>***ONLINE*POLL*QUESTION***</p>','http://','<h2>***PEER*NAME***</h2>','<p>***PEER*OCCUPATION***</p>','<p>***PEER*SCHOOL***</p>','<p>***PEER*INVOLVED*BECAUSE***</p>','<p>***PEER*WHEN*REVIEWING***</p>',NULL,NULL),(58,'Peer Reviewers','Summer',2014,'<h1>***HEADLINE***</h1>','<p>***MAIN*BODY*TEXT***</p>','<p>***LEAD*IN***</p>','<p>***LEAD*IN*KICKER***</p>','<p>***ONLINE*POLL*QUESTION***</p>','http://','<h2>***PEER*NAME***</h2>','<p>***PEER*OCCUPATION***</p>','<p>***PEER*SCHOOL***</p>','<p>***PEER*INVOLVED*BECAUSE***</p>','<p>***PEER*WHEN*REVIEWING***</p>',NULL,NULL),(59,'Peer Reviewers','Summer',2014,'<h1>***HEADLINE***</h1>','<p>***MAIN*BODY*TEXT***</p>','<p>***LEAD*IN***</p>','<p>***LEAD*IN*KICKER***</p>','<p>***ONLINE*POLL*QUESTION***</p>','http://','<h2>***PEER*NAME***</h2>','<p>***PEER*OCCUPATION***</p>','<p>***PEER*SCHOOL***</p>','<p>***PEER*INVOLVED*BECAUSE***</p>','<p>***PEER*WHEN*REVIEWING***</p>',NULL,NULL),(60,'Peer Reviewers','Summer',2014,'<h1>***HEADLINE***</h1>','<p>***MAIN*BODY*TEXT***</p>','<p>***LEAD*IN***</p>','<p>***LEAD*IN*KICKER***</p>','<p>***ONLINE*POLL*QUESTION***</p>','http://','<h2>***PEER*NAME***</h2>','<p>***PEER*OCCUPATION***</p>','<p>***PEER*SCHOOL***</p>','<p>***PEER*INVOLVED*BECAUSE***</p>','<p>***PEER*WHEN*REVIEWING***</p>',NULL,NULL),(61,'Peer Reviewers','Summer',2014,'<h1>***HEADLINE***</h1>','<p>***MAIN*BODY*TEXT***</p>','<p>***LEAD*IN***</p>','<p>***LEAD*IN*KICKER***</p>','<p>***ONLINE*POLL*QUESTION***</p>','http://','<h2>***PEER*NAME***</h2>','<p>***PEER*OCCUPATION***</p>','<p>***PEER*SCHOOL***</p>','<p>***PEER*INVOLVED*BECAUSE***</p>','<p>***PEER*WHEN*REVIEWING***</p>',NULL,NULL),(62,'Peer Reviewers','Summer',2014,'<h1>***HEADLINE***</h1>','<p>***MAIN*BODY*TEXT***</p>','<p>***LEAD*IN***</p>','<p>***LEAD*IN*KICKER***</p>','<p>***ONLINE*POLL*QUESTION***</p>','http://','<h2>***PEER*NAME***</h2>','<p>***PEER*OCCUPATION***</p>','<p>***PEER*SCHOOL***</p>','<p>***PEER*INVOLVED*BECAUSE***</p>','<p>***PEER*WHEN*REVIEWING***</p>',NULL,NULL),(63,'Peer Reviewers','Summer',2014,'<h1>***HEADLINE***</h1>','<p>***MAIN*BODY*TEXT***</p>','<p>***LEAD*IN***</p>','<p>***LEAD*IN*KICKER***</p>','<p>***ONLINE*POLL*QUESTION***</p>','http://','<h2>***PEER*NAME***</h2>','<p>***PEER*OCCUPATION***</p>','<p>***PEER*SCHOOL***</p>','<p>***PEER*INVOLVED*BECAUSE***</p>','<p>***PEER*WHEN*REVIEWING***</p>',NULL,NULL),(64,'Peer Reviewers','Summer',2014,'<h1>***HEADLINE***</h1>','<p>***MAIN*BODY*TEXT***</p>','<p>***LEAD*IN***</p>','<p>***LEAD*IN*KICKER***</p>','<p>***ONLINE*POLL*QUESTION***</p>','http://','<h2>***PEER*NAME***</h2>','<p>***PEER*OCCUPATION***</p>','<p>***PEER*SCHOOL***</p>','<p>***PEER*INVOLVED*BECAUSE***</p>','<p>***PEER*WHEN*REVIEWING***</p>',NULL,NULL),(65,'Peer Reviewers','Summer',2014,'<h1>***HEADLINE***</h1>','<p>***MAIN*BODY*TEXT***</p>','<p>***LEAD*IN***</p>','<p>***LEAD*IN*KICKER***</p>','<p>***ONLINE*POLL*QUESTION***</p>','http://','<h2>***PEER*NAME***</h2>','<p>***PEER*OCCUPATION***</p>','<p>***PEER*SCHOOL***</p>','<p>***PEER*INVOLVED*BECAUSE***</p>','<p>***PEER*WHEN*REVIEWING***</p>',NULL,NULL),(66,'Peer Reviewers','Winter',0000,'','','',NULL,NULL,NULL,'',NULL,NULL,NULL,NULL,'allen.jpg',NULL),(67,'Peer Reviewers','Summer',2014,'<h1>***HEADLINE***</h1>','<p>***MAIN*BODY*TEXT***</p>','<p>***LEAD*IN***</p>','<p>***LEAD*IN*KICKER***</p>','<p>***ONLINE*POLL*QUESTION***</p>','http://','<h2>***PEER*NAME***</h2>','<p>***PEER*OCCUPATION***</p>','<p>***PEER*SCHOOL***</p>','<p>***PEER*INVOLVED*BECAUSE***</p>','<p>***PEER*WHEN*REVIEWING***</p>',NULL,NULL),(68,'Peer Reviewers','Winter',0000,'','','',NULL,NULL,NULL,'',NULL,NULL,NULL,NULL,'allen.jpg',NULL),(69,'Peer Reviewers','Winter',0000,'','','',NULL,NULL,NULL,'',NULL,NULL,NULL,NULL,'allen.jpg',NULL),(70,'Peer Reviewers','Summer',2014,'<h1>***HEADLINE***</h1>','<p>***MAIN*BODY*TEXT***</p>','<p>***LEAD*IN***</p>','<p>***LEAD*IN*KICKER***</p>','<p>***ONLINE*POLL*QUESTION***</p>','http://','<h2>***PEER*NAME***</h2>','<p>***PEER*OCCUPATION***</p>','<p>***PEER*SCHOOL***</p>','<p>***PEER*INVOLVED*BECAUSE***</p>','<p>***PEER*WHEN*REVIEWING***</p>',NULL,NULL),(71,'Peer Reviewers','Winter',0000,'','','',NULL,NULL,NULL,'',NULL,NULL,NULL,NULL,'allen.jpg',NULL),(72,'Peer Reviewers','Winter',0000,'','','',NULL,NULL,NULL,'',NULL,NULL,NULL,NULL,'allen.jpg',NULL),(73,'Peer Reviewers','Winter',0000,'','','',NULL,NULL,NULL,'',NULL,NULL,NULL,NULL,'allen.jpg',NULL),(74,'Peer Reviewers','Winter',0000,'','','',NULL,NULL,NULL,'',NULL,NULL,NULL,NULL,'allen.jpg',NULL),(75,'Peer Reviewers','Summer',2014,'<h1>***HEADLINE***</h1>','<p>***MAIN*BODY*TEXT***</p>','<p>***LEAD*IN***</p>','<p>***LEAD*IN*KICKER***</p>','<p>***ONLINE*POLL*QUESTION***</p>','http://','<h2>***PEER*NAME***</h2>','<p>***PEER*OCCUPATION***</p>','<p>***PEER*SCHOOL***</p>','<p>***PEER*INVOLVED*BECAUSE***</p>','<p>***PEER*WHEN*REVIEWING***</p>',NULL,NULL),(76,'Peer Reviewers','Summer',2014,'<h1>***HEADLINE***</h1>','<p>***MAIN*BODY*TEXT***</p>','<p>***LEAD*IN***</p>','<p>***LEAD*IN*KICKER***</p>','<p>***ONLINE*POLL*QUESTION***</p>','http://','<h2>***PEER*NAME***</h2>','<p>***PEER*OCCUPATION***</p>','<p>***PEER*SCHOOL***</p>','<p>***PEER*INVOLVED*BECAUSE***</p>','<p>***PEER*WHEN*REVIEWING***</p>',NULL,NULL),(77,'Peer Reviewers','Summer',2014,'<h1>***HEADLINE***</h1>','<p>***MAIN*BODY*TEXT***</p>','<p>***LEAD*IN***</p>','<p>***LEAD*IN*KICKER***</p>','<p>***ONLINE*POLL*QUESTION***</p>','http://','<h2>***PEER*NAME***</h2>','<p>***PEER*OCCUPATION***</p>','<p>***PEER*SCHOOL***</p>','<p>***PEER*INVOLVED*BECAUSE***</p>','<p>***PEER*WHEN*REVIEWING***</p>','allen.jpg',NULL),(78,'Peer Reviewers','Summer',2014,'<h1>***HEADLINE***</h1>','<p>***MAIN*BODY*TEXT***</p>','<p>***LEAD*IN***</p>','<p>***LEAD*IN*KICKER***</p>','<p>***ONLINE*POLL*QUESTION***</p>','http://','<h2>***PEER*NAME***</h2>','<p>***PEER*OCCUPATION***</p>','<p>***PEER*SCHOOL***</p>','<p>***PEER*INVOLVED*BECAUSE***</p>','<p>***PEER*WHEN*REVIEWING***</p>','allen.jpg',NULL),(79,'Editorial Advisory Board','Summer',2014,'<h1 style=\"color: rgb(17, 31, 76); font-size: 15px; margin: 10px 20px 0px;\">Headline goes here</h1>','<p id=\"main_body_text_to_edit\" style=\"font-size: 13px; color: rgb(51, 51, 51); line-height: 17px; margin: 0px 20px 10px; text-align: left;\">Did you know the <em>JAOA</em> is interested in basic science articles? Here\'s what you can do to help increase such submissions:</p>\r\n\r\n<p id=\"main_body_text_to_edit\" style=\"font-size: 13px; color: rgb(51, 51, 51); line-height: 17px; margin: 0px 20px 10px; text-align: left;\">Explain to students and researchers outside of the osteopathic profession how their research may build on the evidence base of the osteopathic tenets.</p>\r\n\r\n<p id=\"main_body_text_to_edit\" style=\"font-size: 13px; color: rgb(51, 51, 51); line-height: 17px; margin: 0px 20px 10px; text-align: left;\">Encourage these investigators to submit their basic science research articles to the <em>JAOA</em>. Researchers who prefer to publish their studies in basic science journals should be encouraged to submit derivative articles, in which they explain how their original work connects to and supports the tenets.</p>\r\n\r\n<p id=\"main_body_text_to_edit\" style=\"font-size: 13px; color: rgb(51, 51, 51); line-height: 17px; margin: 0px 20px 10px; text-align: left;\">Send the <a href=\"http://www.jaoa.org/site/misc/ifora.xhtml\"><em>JAOA</em>\'s Information for Authors</a> to those interested in submitting basic science research or derivative articles with appropriate clinical applications. Also consider sharing the <a href=\"http://www.osteopathic.org/inside-aoa/about/leadership/Pages/tenets-of-osteopathic-medicine.aspx\">AOA\'s Tenets of Osteopathic Medicine</a> page.</p> \r\n\r\n<p id=\"main_body_text_to_edit\" style=\"font-size: 13px; color: rgb(51, 51, 51); line-height: 17px; margin: 0px 20px 10px; text-align: left;\">Share the <em>JAOA</em>\'s most recently published basic science research article from the November 2013 issue. Paul R. Standley, PhD, and his colleagues\' <a href=\"http://www.jaoa.org/content/113/11/806.abstract\">article</a>, \"In Vitro Biomechanical Strain Regulation of Fibroblast Wound Healing,\" is an excellent example of how basic science research can serve as an evidence base for the osteopathic tenets.</p>','<p>We\'re on Twitter! Follow The Journal of the American Osteopathic Association (JAOA) on Twitter at <a href=\'https://twitter.com/TheJAOA\'>@TheJAOA</a> for updates, highlights, and conversations about the JAOA and osteopathic medical research.</p>','<p>SCOPUS <a href=\"http://www.scimagojr.com/compare.php?j1=Journal+of+the+American+Osteopathic+Association%2C+The&amp;j2=American+Family+Physician&amp;j3=Physical+Medicine+and+Rehabilitation+Clinics+of+North+America&amp;j4=International+Journal+of+Osteopathic+Medicine&amp;un=journals&amp;inj=0\" style=\"color: rgb(17, 31, 67);\">has released</a> its SCImage journal rankings for 2012. JAOA rankings have gone up for the second year in a row. Check out the JAOA\'s SCImago Journal &amp; Country ranking.<p>','<p>\"I would like more information and guidance about how to promote the JAOA to my colleagues and institution.\"</p>','http://www.do-online.org/JAOA/connections/poll/vote-form.php?poll=11','<h2 style=\"margin-bottom: 10px; font-size: 17px; color: rgb(17, 31, 67); margin-top: 3px;\">Michael A. Seffinger, DO</h2>','<p style=\"font-size: 13px; color: rgb(51, 51, 51); line-height: 17px; margin: 0px; text-align: left;\">Professor and chair of the Department of NMM/OMM at the Western University of Health Sciences College of Osteopathic Medicine in the Pacific and the Pacific Northwest, and <em>JAOA</em> associate editor</p>','<p style=\"font-size: 13px; color: rgb(51, 51, 51); line-height: 17px; margin: 0px; text-align: left;\">Michigan State University College of Osteopathic Medicine, Class of 1988</p>','<p style=\"font-size: 13px; color: rgb(51, 51, 51); line-height: 17px; margin: 0px; text-align: left;\">I want to contribute to this vital communication link that keeps the osteopathic profession alive and viable. I want to facilitate open and productive scientific, peer-reviewed discourse among osteopathic physicians and our students in particular, as well as anyone else interested in osteopathic medicine. I want to promote the JAOA as a professional scientific journal that is interactive, evidence based, and up to date with state-of-the-art concepts about health and disease from an osteopathic perspective.</p>','<p style=\"font-size: 13px; color: rgb(51, 51, 51); line-height: 17px; margin: 0px; text-align: left;\">Whether it is meaningful to our profession, makes a significant contribution to the scientific literature, describes valid and appropriate methodology, reviews pertinent literature, clearly and accurately reports and interprets the data, and states the conclusions based only on the data obtained.&nbsp;The manuscript should make sense, state its limitations and strengths, and make recommendations for further study.</p>','allen.jpg',NULL),(80,'Peer Reviewers','Summer',2014,'<h1 style=\"color: rgb(17, 31, 76); font-size: 15px; margin: 10px 20px 0px;\">Memorable Research</h1>','<p id=\"main_body_text_to_edit\" style=\"font-size: 13px; color: rgb(51, 51, 51); line-height: 17px; margin: 0px 20px 10px; text-align: left;\">Which <em>JAOA</em> articles have had the greatest effect on patient care and/or research? What made these articles more impactful than other articles on a similar topic? <em>JAOA</em> Associate Editor Michael A. Seffinger, DO, is asking for your help in compiling a comprehensive timeline of the <em>JAOA</em>’s most impactful articles published from January 2000 through December 2012.</p>\r\n\r\n<ul style=\"font-size: 13px; color: rgb(51, 51, 51); line-height: 17px; margin-top: 0px; margin-right: 20px;\">\r\n  <li><strong>Consider your learning style.</strong> Do you comprehend data better when it is presented in the text as opposed to a table?</li> \r\n\r\n  <li><strong>Remain objective.</strong> Research articles you or your closest colleagues have personally worked on may be the most impactful in your memory—dig deeper.</li>\r\n\r\n  <li><strong>Look for historical significance.</strong> Has a recent historical or societal event helped influence a significant contribution to osteopathic research? History does repeat itself after all…</li>\r\n\r\n  <li><strong>Consider the source.</strong> The osteopathic profession has a strong traditional background. Ponder the author’s supporting evidence.</li>\r\n</ul>','<p>Thank you for your participation in the Doodle Survey. Spring has just barely sprung, but OMED 2013 will be here before you know it. Stay tuned for more information regarding the JAOA Editorial Advisory Board meeting.</p>','<p style=\"font-size: 14px; color: rgb(17, 31, 67); line-height: 18px; font-weight: bold; margin: 3px 20px 6px; text-align: left;\">View JAOA Peer Reviewers’ poll results regarding author confidentiality under “My Committees” on <a href=\"http://www.osteopathic.org\">Osteopathic.org</a>.</p>','<p>“Would JAOA readership benefit from publishing various theme issues in the future”</p>','http://','<h2>Dennis J. Dowling, DO</h2>','<p>Director of Osteopathic Manipulative Medicine, Physical Medicine and Rehabilitation Department, Nassau University Medical Center</p>','<p>New York College of Osteopathic Medicine, Class of 1989</p>','<p>The JAOA represents the opportunity to present uniquely osteopathic medicine research in an evidence-based approach that supports osteopathic principles, philosophy, and practice.</p>','<p>the contributor(s) who has the best interest of the profession in mind when submitting their articles. I try to assist by clarifying the aspects that are unclear, exposing inconsistencies that can be addressed, suggesting expansions where the information is sparse, and summarizing when the sections are overlong. An article should present either novel research that elucidates osteopathic concerns, research that supports osteopathic concepts in a novel manner, or articles that can assist those within and outside the profession to better understand and utilize osteopathic medicine.</p>','allen.jpg',NULL),(81,'Peer Reviewers','Summer',2014,'<h1>***HEADLINE***</h1>','<p>***MAIN*BODY*TEXT***</p>','<p>***LEAD*IN***</p>','<p>***LEAD*IN*KICKER***</p>','<p>***ONLINE*POLL*QUESTION***</p>','http://','<h2>***PEER*NAME***</h2>','<p>***PEER*OCCUPATION***</p>','<p>***PEER*SCHOOL***</p>','<p>***PEER*INVOLVED*BECAUSE***</p>','<p>***PEER*WHEN*REVIEWING***</p>','hensel.jpg',NULL),(82,'Peer Reviewers','Winter',2014,'<h1 style=\"color: rgb(17, 31, 76); font-size: 15px; line-height: 20px; margin: 10px 20px 0px;\">Peer Reviewer’s Potential: An Original Contribution Abstract</h1>','<p id=\"main_body_text_to_edit\" style=\"font-size: 13px; color: rgb(51, 51, 51); line-height: 17px; margin: 0px 20px 10px; text-align: left;\"><strong>Context:</strong> Quality peer reviews evaluate the originality, scientific impact, quality, and appropriateness of manuscripts.</p>\r\n\r\n<p id=\"main_body_text_to_edit\" style=\"font-size: 13px; color: rgb(51, 51, 51); line-height: 17px; margin: 0px 20px 10px; text-align: left;\"><strong>Objective:</strong> To advance the osteopathic medical profession through critical review of research submitted to the <em>JAOA</em>.</p>\r\n\r\n<p id=\"main_body_text_to_edit\" style=\"font-size: 13px; color: rgb(51, 51, 51); line-height: 17px; margin: 0px 20px 10px; text-align: left;\"><strong>Methods:</strong> Up to 4 peer reviewers per manuscript were tasked with providing feedback. Because peer reviewers are experts in their fields, manuscripts were expected to undergo careful and objective consideration.</p>\r\n\r\n<p id=\"main_body_text_to_edit\" style=\"font-size: 13px; color: rgb(51, 51, 51); line-height: 17px; margin: 0px 20px 10px; text-align: left;\"><strong>Results:</strong> Peer reviewers were inclusive in their responses to authors, encouraging more structurally efficient and innovative research to be published in the <em>JAOA</em>.</p>\r\n\r\n<p id=\"main_body_text_to_edit\" style=\"font-size: 13px; color: rgb(51, 51, 51); line-height: 17px; margin: 0px 20px 10px; text-align: left;\"><strong>Conclusion:</strong> The quality of research published in the <em>JAOA</em> was at an all-time high, thus advancing the osteopathic medical profession.</p>','<p style=\"font-size: 14px; color: rgb(253, 197, 120); line-height: 22px; margin: 10px 20px; text-align: left;\">The American Osteopathic Association (AOA) is pleased to announce its 14th editor in chief, Robert Orenstein, DO. Currently an associate professor of medicine at the Mayo Clinic College of Medicine in Rochester, Minnesota, and the chair of the Division of Infectious Diseases at the Mayo Clinic in Phoenix, Arizona, Dr Orenstein began contributing to <em>The Journal of the American Osteopathic Association</em> (<em>JAOA</em>) in 2010 as a section editor of “Evidence-Based Clinical Reviews.”</p>','<p>Check out the <a href=\"http://www.jaoa.org/content/current\" title=\"Table of Contents — January 2014, 114 (1) \">2013 SOMA &amp; BIOM Abstracts and Poster Competition</a> results available online now in the January 2014 issue.</p>','<p style=\"font-size: 13px; color: rgb(51, 51, 51); line-height: 17px; margin: 0px 20px 10px 15px; text-align: left;\">\"Which of the following is not acceptable practice for peer reviewers when reviewing original contributions?\"</p>','http://www.do-online.org/JAOA/connections/poll/vote-form.php?poll=21','<h2 style=\"margin-bottom: 10px; font-size: 17px; color: rgb(17, 31, 67); margin-top: 3px;\">Kendi L. Hensel, DO, PhD</h2>','<p style=\"font-size: 13px; color: rgb(51, 51, 51); line-height: 17px; margin: 0px; text-align: left;\">Associate professor in the Department of Osteopathic Manipulative Medicine at the University of North Texas Health Science Center Texas College of Osteopathic Medicine.</p>','<p style=\"font-size: 13px; color: rgb(51, 51, 51); line-height: 17px; margin: 0px; text-align: left;\">Oklahoma State University College of Osteopathic Medicine, Class of 1998</p>','<p style=\"font-size: 13px; color: rgb(51, 51, 51); line-height: 17px; margin: 0px; text-align: left;\">I enjoy research, and I believe strongly that our profession must become more research literate. We must all know how to read research and draw our own conclusions so that we can make appropriate decisions about the clinical relevance of the research.</p>','<p style=\"font-size: 13px; color: rgb(51, 51, 51); line-height: 17px; margin: 0px; text-align: left;\">I look for clarity of writing, completeness of description, and accuracy of the conclusions. I also look for any overstatement of results, as well as conclusions that are being drawn on unsupported statements.</p>','hensel.jpg',NULL),(83,'Peer Reviewers','Summer',2014,'<h1>***HEADLINE***</h1>','<p>***MAIN*BODY*TEXT***</p>','<p>***LEAD*IN***</p>','<p>***LEAD*IN*KICKER***</p>','<p>***ONLINE*POLL*QUESTION***</p>','http://','<h2>***PEER*NAME***</h2>','<p>***PEER*OCCUPATION***</p>','<p>***PEER*SCHOOL***</p>','<p>***PEER*INVOLVED*BECAUSE***</p>','<p>***PEER*WHEN*REVIEWING***</p>','hensel.jpg',NULL),(84,'Peer Reviewers','Summer',2014,'<h1>***HEADLINE***</h1>','<p>***MAIN*BODY*TEXT***</p>','<p style=\"font-size: 14px; color: rgb(253, 197, 120); line-height: 22px; margin: 10px 20px; text-align: left;\">***LEAD*IN***hiya</p>','<p>***LEAD*IN*KICKER***</p>','<p>***ONLINE*POLL*QUESTION***</p>','http://','<h2>***PEER*NAME***</h2>','<p>***PEER*OCCUPATION***</p>','<p>***PEER*SCHOOL***</p>','<p>***PEER*INVOLVED*BECAUSE***</p>','<p>***PEER*WHEN*REVIEWING***</p>','hensel.jpg',NULL),(85,'Peer Reviewers','Summer',2014,'<h1>***HEADLINE***</h1>','<p>***MAIN*BODY*TEXT***</p>','<p>***LEAD*IN***</p>','<p>***LEAD*IN*KICKER***</p>','<p>***ONLINE*POLL*QUESTION***</p>','http://','<h2>***PEER*NAME***</h2>','<p>***PEER*OCCUPATION***</p>','<p>***PEER*SCHOOL***</p>','<p>***PEER*INVOLVED*BECAUSE***</p>','<p>***PEER*WHEN*REVIEWING***</p>','allen.jpg',NULL),(86,'Peer Reviewers','Summer',2014,'<h1>***HEADLINE***</h1>','<p>***MAIN*BODY*TEXT***</p>','<p>***LEAD*IN***</p>','<p>***LEAD*IN*KICKER***</p>','<p>***ONLINE*POLL*QUESTION***</p>','http://','<h2>***PEER*NAME***</h2>','<p>***PEER*OCCUPATION***</p>','<p>***PEER*SCHOOL***</p>','<p>***PEER*INVOLVED*BECAUSE***</p>','<p>***PEER*WHEN*REVIEWING***</p>','allen.jpg',NULL),(87,'Peer Reviewers','Summer',2014,'<h1>***HEADLINE***</h1>','<p>***MAIN*BODY*TEXT***</p>','<p style=\"font-size: 14px; color: rgb(253, 197, 120); line-height: 22px; margin: 10px 20px; text-align: left;\">Here\'s the revamped lead-in.</p>\r\n\r\n<p style=\"font-size: 14px; color: rgb(253, 197, 120); line-height: 22px; margin: 10px 20px; text-align: left;\">Let\'s make another paragraph. Maecenas faucibus mollis interdum. Sed posuere consectetur est at lobortis.</p>','<p>***LEAD*IN*KICKER***</p>','<p>***ONLINE*POLL*QUESTION***</p>','http://','<h2>***PEER*NAME***</h2>','<p>***PEER*OCCUPATION***</p>','<p>***PEER*SCHOOL***</p>','<p>***PEER*INVOLVED*BECAUSE***</p>','<p>***PEER*WHEN*REVIEWING***</p>','allen.jpg',NULL),(88,'Editorial Board','Spring',2016,'<h1>***HEADLINE***</h1>','<p>***MAIN*BODY*TEXT***</p>','<p>***LEAD*IN***</p>','<p>***LEAD*IN*KICKER***</p>','<p>***ONLINE*POLL*QUESTION***</p>','http://','<h2>***PEER*NAME***</h2>','<p>***PEER*OCCUPATION***</p>','<p>***PEER*SCHOOL***</p>','<p>***PEER*INVOLVED*BECAUSE***</p>','<p>***PEER*WHEN*REVIEWING***</p>','allen.jpg',NULL),(89,'Editorial Board','Winter',2014,'<h1 style=\"color: rgb(17, 31, 76); font-size: 15px; line-height: 20px; margin: 10px 20px 0px;\">***HEADLINE***</h1>','<ul style=\"font-size: 13px; color: rgb(51, 51, 51); line-height: 17px; margin-top: 0px; margin-right: 20px;\"> <li>Bring gloves.</li>\r\n  <li> Bring scarf.</li> </ul>','<p style=\"font-size: 14px; color: rgb(253, 197, 120); line-height: 22px; margin: 10px 20px; text-align: left;\"> My brother would be so proud. </p>\r\n\r\n<p style=\"font-size: 14px; color: rgb(253, 197, 120); line-height: 22px; margin: 10px 20px; text-align: left;\"> He\'s a computer guy. </p>\r\n\r\n<h1 style=\"font-size: 14px; color: rgb(253, 197, 120); line-height: 22px; margin: 10px 20px; text-align: left;\">Header</h1>','<p style=\"font-size: 14px; color: rgb(17, 31, 67); line-height: 18px; font-weight: bold; margin: 3px 20px 6px; text-align: left;\">It\'s cold outside.</p>','<p>***ONLINE*POLL*QUESTION***</p>','http://','<h2 style=\"margin-bottom: 10px; font-size: 17px; color: rgb(17, 31, 67); margin-top: 3px;\">***Michael Patterson***</h2>','<p style=\"font-size: 13px; color: rgb(51, 51, 51); line-height: 17px; margin: 0px; text-align: left;\">Professor of</p>','<p style=\"font-size: 13px; color: rgb(51, 51, 51); line-height: 17px; margin: 0px; text-align: left;\">***PEER*SCHOOL***</p>','<p style=\"font-size: 13px; color: rgb(51, 51, 51); line-height: 17px; margin: 0px; text-align: left;\">***PEER*INVOLVED*BECAUSE***</p>','<p style=\"font-size: 13px; color: rgb(51, 51, 51); line-height: 17px; margin: 0px; text-align: left;\">***PEER*WHEN*REVIEWING***</p>','allen.jpg',NULL),(90,'Peer Reviewers','Summer',2014,'<h1>***HEADLINE***</h1>','<p>***MAIN*BODY*TEXT***</p>','<p>***LEAD*IN***</p>','<p>***LEAD*IN*KICKER***</p>','<p>***ONLINE*POLL*QUESTION***</p>','http://','<h2>***PEER*NAME***</h2>','<p>***PEER*OCCUPATION***</p>','<p>***PEER*SCHOOL***</p>','<p>***PEER*INVOLVED*BECAUSE***</p>','<p>***PEER*WHEN*REVIEWING***</p>','allen.jpg',NULL),(91,'Peer Reviewers','Summer',2014,'<h1>***HEADLINE***</h1>','<p>***MAIN*BODY*TEXT***</p>','<p>***LEAD*IN***</p>','<p>***LEAD*IN*KICKER***</p>','<p>***ONLINE*POLL*QUESTION***</p>','http://','<h2>***PEER*NAME***</h2>','<p>***PEER*OCCUPATION***</p>','<p>***PEER*SCHOOL***</p>','<p>***PEER*INVOLVED*BECAUSE***</p>','<p>***PEER*WHEN*REVIEWING***</p>','mpatterson.jpg',NULL),(92,'Editorial Board','Winter',2014,'<h1 style=\"color: rgb(17, 31, 76); font-size: 15px; line-height: 20px; margin: 10px 20px;\"><em>JAOA</em> Editorial Board Member Potential: An Original Contribution Abstract</h1>','<p id=\"main_body_text_to_edit\" style=\"font-size: 13px; color: rgb(51, 51, 51); line-height: 17px; margin: 0px 20px 10px; text-align: left;\" class=\"main_body_text_to_edit\"></p><p id=\"main_body_text_to_edit\" style=\"font-size: 13px; color: rgb(51, 51, 51); line-height: 17px; margin: 0px 20px 10px; text-align: left;\" class=\"main_body_text_to_edit\"> <strong> Context: </strong> <em>JAOA</em> Editorial Board members are experts in their fields and thus have the ability to seek out original research that is of high scientific impact and quality.</p> <p id=\"main_body_text_to_edit\" style=\"font-size: 13px; color: rgb(51, 51, 51); line-height: 17px; margin: 0px 20px 10px; text-align: left;\" class=\"main_body_text_to_edit\"> <strong> Objective: </strong> To advance the osteopathic medical profession through the promotion of the <em>JAOA</em> as the premier scientific research journal for the publication of original contributions.</p> <p id=\"main_body_text_to_edit\" style=\"font-size: 13px; color: rgb(51, 51, 51); line-height: 17px; margin: 0px 20px 10px; text-align: left;\" class=\"main_body_text_to_edit\"> <strong> Methods: </strong> Up to 54 <em>JAOA</em> Editorial Board members were tasked with promoting the <em>JAOA</em> to their colleagues as an outlet for publishing original contributions. Because Editorial Board members are cognizant in their ability to influence osteopathic research, the <em>JAOA</em> expected to see an increase in the number of original contribution submissions. </p> <p id=\"main_body_text_to_edit\" style=\"font-size: 13px; color: rgb(51, 51, 51); line-height: 17px; margin: 0px 20px 10px; text-align: left;\" class=\"main_body_text_to_edit\"> <strong>Results:</strong> <em>JAOA</em> Editorial Board members were especially persuasive in their efforts to spark conversation among their colleagues regarding original contributions to the <em>JAOA</em>, encouraging more structurally efficient and innovative research to be published in the <em>JAOA</em>.</p><p id=\"main_body_text_to_edit\" style=\"font-size: 13px; color: rgb(51, 51, 51); line-height: 17px; margin: 0px 20px 10px; text-align: left;\" class=\"main_body_text_to_edit\"> <strong>Conclusion: </strong> The quantity and quality of original contributions submitted to the <em>JAOA</em> was at an all-time high, thus advancing the osteopathic medical profession. </p>','<p style=\"font-size: 14px; color: rgb(253, 197, 120); line-height: 22px; margin: 10px 20px; text-align: left;\">The American Osteopathic Association (AOA) is pleased to announce its 14th editor in chief, Robert Orenstein, DO. Currently an associate professor of medicine at the Mayo Clinic College of Medicine in Rochester, Minnesota, and the chair of the Division of Infectious Diseases at the Mayo Clinic in Phoenix, Arizona, Dr Orenstein began contributing to <em> The Journal of the American Osteopathic Association </em> <em>(JAOA)</em> in 2010 as a section editor of “Evidence-Based Clinical Reviews.”</p>','<p style=\"font-size: 14px; color: rgb(17, 31, 67); line-height: 18px; font-weight: bold; margin: 3px 20px 6px; text-align: left;\">NEWS RELEASE: <a href= \"http://www.osteopathic.org/inside-aoa/news-and-publications/media-center/2014-news-releases/Pages/1-10-american-ostoeopathic-association-names-mayo-clinic-academic-leader-as-its-new-editor-in-chief.aspx\"> American Osteopathic Association Names Mayo Clinic Academic Leader as its New Editor in Chief </a> </p>','<p style=\"font-size: 13px; color: rgb(51, 51, 51); line-height: 17px; margin: 0px 20px 10px 15px; text-align: left;\">Do you have promotional ideas or strategies? Questions or concerns? Did you know that the <em>JAOA</em> Editorial Board’s online workspace allows you to start a discussion with fellow board members?</p>','http://www.osteopathic.org/committees/JAOA-editorial-board/Lists/Team%20Discussion/AllItems.aspx','<h2 style=\"margin-bottom: 10px; font-size: 17px; color: rgb(17, 31, 67); margin-top: 3px;\">Michael M. Patterson, PhD</h2>','<p style=\"font-size: 13px; color: rgb(51, 51, 51); line-height: 17px; margin: 0px; text-align: left;\">Professor of Osteopathic Medicine, Retired; Associate Editor, <em>JAOA</em>.</p>','<p style=\"font-size: 13px; color: rgb(51, 51, 51); line-height: 17px; margin: 0px; text-align: left;\">University of Iowa, Class of 1969; University of California, Irvine, Class of 1971.</p>','<p style=\"font-size: 13px; color: rgb(51, 51, 51); line-height: 17px; margin: 0px; text-align: left;\">as a teacher and researcher in the osteopathic profession since 1971, I feel it is part of my professional responsibility to be active in the profession. For the past 26 years, I have served as a <em>JAOA</em> contributing or associate editor, and I have found this role to be an excellent way to give a bit back to the osteopathic profession.</p>','<p style=\"font-size: 13px; color: rgb(51, 51, 51); line-height: 17px; margin: 0px; text-align: left;\">how well the authors have conveyed their message to the readership of the <em>JAOA</em>. Is the manuscript clear, concise, and well laid out?</p>','mpatterson.jpg',NULL),(93,'Editorial Board','Winter',2014,'<h1>***HEADLINE***</h1>','<p>***MAIN*BODY*TEXT***</p>','<p>***LEAD*IN***</p>','<p>***LEAD*IN*KICKER***</p>','<p>***ONLINE*POLL*QUESTION***</p>','http://','<h2>***PEER*NAME***</h2>','<p>***PEER*OCCUPATION***</p>','<p>***PEER*SCHOOL***</p>','<p>***PEER*INVOLVED*BECAUSE***</p>','<p>***PEER*WHEN*REVIEWING***</p>','mpatterson.jpg ',NULL),(94,'Editorial Advisory Board','Winter',2014,'<h1 style=\"color: rgb(17, 31, 76); font-size: 15px; line-height: 20px; margin: 10px 20px;\"><em>JAOA</em> Editorial Advisory Board Member Potential: An Original Contribution Abstract</h1>','<p id=\"main_body_text_to_edit\" style=\"font-size: 13px; color: rgb(51, 51, 51); line-height: 17px; margin: 0px 20px 10px; text-align: left;\" class=\"main_body_text_to_edit\"></p><p id=\"main_body_text_to_edit\" style=\"font-size: 13px; color: rgb(51, 51, 51); line-height: 17px; margin: 0px 20px 10px; text-align: left;\" class=\"main_body_text_to_edit\"> <strong> Context: </strong> <em>JAOA</em> Editorial Advisory Board members are experts in their fields and thus have the ability to seek out original research that is of high scientific impact and quality.</p> <p id=\"main_body_text_to_edit\" style=\"font-size: 13px; color: rgb(51, 51, 51); line-height: 17px; margin: 0px 20px 10px; text-align: left;\" class=\"main_body_text_to_edit\"> <strong> Objective: </strong> To advance the osteopathic medical profession through the promotion of the <em>JAOA</em> as the premier scientific research journal for the publication of original contributions.</p> <p id=\"main_body_text_to_edit\" style=\"font-size: 13px; color: rgb(51, 51, 51); line-height: 17px; margin: 0px 20px 10px; text-align: left;\" class=\"main_body_text_to_edit\"> <strong> Methods: </strong> Up to 12 <em>JAOA</em> Editorial Advisory Board members were tasked with promoting the <em>JAOA</em> to their colleagues as an outlet for publishing original contributions. Because Editorial Advisory Board members are cognizant in their ability to influence osteopathic research, the <em>JAOA</em> expected to see an increase in the number of original contribution submissions. </p> <p id=\"main_body_text_to_edit\" style=\"font-size: 13px; color: rgb(51, 51, 51); line-height: 17px; margin: 0px 20px 10px; text-align: left;\" class=\"main_body_text_to_edit\"> <strong>Results:</strong> <em>JAOA</em> Editorial Advisory Board members were especially persuasive in their efforts to spark conversation among their colleagues regarding original contributions to the <em>JAOA</em>, encouraging more structurally efficient and innovative research to be published in the <em>JAOA</em>.</p><p id=\"main_body_text_to_edit\" style=\"font-size: 13px; color: rgb(51, 51, 51); line-height: 17px; margin: 0px 20px 10px; text-align: left;\" class=\"main_body_text_to_edit\"> <strong>Conclusion: </strong> The quantity and quality of original contributions submitted to the <em>JAOA</em> was at an all-time high, thus advancing the osteopathic medical profession. </p>','<p style=\"font-size: 14px; color: rgb(253, 197, 120); line-height: 22px; margin: 10px 20px; text-align: left;\">The American Osteopathic Association (AOA) is pleased to announce its 14th editor in chief, Robert Orenstein, DO. Currently an associate professor of medicine at the Mayo Clinic College of Medicine in Rochester, Minnesota, and the chair of the Division of Infectious Diseases at the Mayo Clinic in Phoenix, Arizona, Dr Orenstein began contributing to <em> The Journal of the American Osteopathic Association </em> <em>(JAOA)</em> in 2010 as a section editor of “Evidence-Based Clinical Reviews.”</p>','<p style=\"font-size: 14px; color: rgb(17, 31, 67); line-height: 18px; font-weight: bold; margin: 3px 20px 6px; text-align: left;\">NEWS RELEASE: <a href=\"http://www.osteopathic.org/inside-aoa/news-and-publications/media-center/2014-news-releases/Pages/1-10-american-ostoeopathic-association-names-mayo-clinic-academic-leader-as-its-new-editor-in-chief.aspx\" style=\"color: rgb(17, 31, 67);\"> American Osteopathic Association Names Mayo Clinic Academic Leader as its New Editor in Chief </a> </p>','<p style=\"font-size: 13px; color: rgb(51, 51, 51); line-height: 17px; margin: 0px 20px 10px 15px; text-align: left;\">Do you have promotional ideas or strategies? Questions or concerns? Did you know that the <em>JAOA</em> Editorial Advisory Board’s online workspace allows you to start a discussion with fellow board members?</p>','http://http://www.osteopathic.org/committees/JAOA-editorial-advisory-board/Lists/Team%20Discussion/AllItems.aspx','<h2 style=\"margin-bottom: 10px; font-size: 17px; color: rgb(17, 31, 67); margin-top: 3px;\">Michael M. Patterson, PhD</h2>','<p style=\"font-size: 13px; color: rgb(51, 51, 51); line-height: 17px; margin: 0px; text-align: left;\">Professor of Osteopathic Medicine, Retired; Associate Editor, <em>JAOA</em>.</p>','<p style=\"font-size: 13px; color: rgb(51, 51, 51); line-height: 17px; margin: 0px; text-align: left;\">University of Iowa, Class of 1969; University of California, Irvine, Class of 1971.</p>','<p style=\"font-size: 13px; color: rgb(51, 51, 51); line-height: 17px; margin: 0px; text-align: left;\">as a teacher and researcher in the osteopathic profession since 1971, I feel it is part of my professional responsibility to be active in the profession. For the past 26 years, I have served as a <em>JAOA</em> contributing or associate editor, and I have found this role to be an excellent way to give a bit back to the osteopathic profession.</p>','<p style=\"font-size: 13px; color: rgb(51, 51, 51); line-height: 17px; margin: 0px; text-align: left;\">how well the authors have conveyed their message to the readership of the <em>JAOA</em>. Is the manuscript clear, concise, and well laid out?</p>','mpatterson.jpg',NULL),(95,'Peer Reviewers','Summer',2014,'<h1>***HEADLINE***</h1>','<p>***MAIN*BODY*TEXT***</p>','<p>***LEAD*IN***</p>','<p>***LEAD*IN*KICKER***</p>','<p>***ONLINE*POLL*QUESTION***</p>','http://','<h2>***PEER*NAME***</h2>','<p>***PEER*OCCUPATION***</p>','<p>***PEER*SCHOOL***</p>','<p>***PEER*INVOLVED*BECAUSE***</p>','<p>***PEER*WHEN*REVIEWING***</p>','patterson.jpg',NULL),(96,'Peer Reviewers','Summer',2014,'<h1>***HEADLINE***</h1>','<p>***MAIN*BODY*TEXT***</p>','<p>***LEAD*IN***</p>','<p>***LEAD*IN*KICKER***</p>','<p>***ONLINE*POLL*QUESTION***</p>','http://','<h2>***PEER*NAME***</h2>','<p>***PEER*OCCUPATION***</p>','<p>***PEER*SCHOOL***</p>','<p>***PEER*INVOLVED*BECAUSE***</p>','<p>***PEER*WHEN*REVIEWING***</p>','mpatterson.jpg',NULL),(97,'Peer Reviewers','Summer',2014,'<h1>***HEADLINE***</h1>','<p>***MAIN*BODY*TEXT***</p>','<p>***LEAD*IN***</p>','<p>***LEAD*IN*KICKER***</p>','<p>***ONLINE*POLL*QUESTION***</p>','http://','<h2>***PEER*NAME***</h2>','<p>***PEER*OCCUPATION***</p>','<p>***PEER*SCHOOL***</p>','<p>***PEER*INVOLVED*BECAUSE***</p>','<p>***PEER*WHEN*REVIEWING***</p>','mpatterson.jpg',NULL),(98,'Peer Reviewers','Summer',2014,'<h1>***HEADLINE***</h1>','<p>***MAIN*BODY*TEXT***</p>','<p>***LEAD*IN***</p>','<p>***LEAD*IN*KICKER***</p>','<p>***FEEDBACK*REQUEST*TEXT***</p>','http://','<h2>***PEER*NAME***</h2>','<p>***PEER*OCCUPATION***</p>','<p>***PEER*SCHOOL***</p>','<p>***PEER*INVOLVED*BECAUSE***</p>','<p>***PEER*WHEN*REVIEWING***</p>','mpatterson.jpg',NULL),(99,'Peer Reviewers','Summer',2014,'<h1>***HEADLINE***</h1>','<p>***MAIN*BODY*TEXT***</p>','<p>***LEAD*IN***</p>','<p>***LEAD*IN*KICKER***</p>','<p>here\'s a bunc of feedback request text.</p>','http://thedo.osteopathic.org','<h2>***PEER*NAME***</h2>','<p>***PEER*OCCUPATION***</p>','<p>***PEER*SCHOOL***</p>','<p>***PEER*INVOLVED*BECAUSE***</p>','<p>***PEER*WHEN*REVIEWING***</p>','mpatterson.jpg','***FEEDBACK*REQUEST*HEADLINE***'),(100,'Peer Reviewers','Summer',2014,'<h1>***HEADLINE***</h1>','<p>***MAIN*BODY*TEXT***</p>','<p>***LEAD*IN***</p>','<p>***LEAD*IN*KICKER***</p>','<p>***FEEDBACK*REQUEST*TEXT***</p>','http://','<h2>***PEER*NAME***</h2>','<p>***PEER*OCCUPATION***</p>','<p>***PEER*SCHOOL***</p>','<p>***PEER*INVOLVED*BECAUSE***</p>','<p>***PEER*WHEN*REVIEWING***</p>','mpatterson.jpg','<p>***FEEDBACK*REQUEST*HEAD***</p>'),(101,'Peer Reviewers','Summer',2014,'<h1>***HEADLINE***</h1>','<p>***MAIN*BODY*TEXT***</p>','<p>***LEAD*IN***</p>','<p>***LEAD*IN*KICKER***</p>','<p>***FEEDBACK*REQUEST*TEXT***</p>','http://','<h2>***PEER*NAME***</h2>','<p>***PEER*OCCUPATION***</p>','<p>***PEER*SCHOOL***</p>','<p>***PEER*INVOLVED*BECAUSE***</p>','<p>***PEER*WHEN*REVIEWING***</p>','mpatterson.jpg','<p>***FEEDBACK*REQUEST*HEAD***</p>'),(102,'Peer Reviewers','Summer',2014,'<h1>***HEADLINE***</h1>','<p>***MAIN*BODY*TEXT***</p>','<p>***LEAD*IN***</p>','<p>***LEAD*IN*KICKER***</p>','<h2 style=\"color: #111f43; font-size: 15px; margin-top: 10px; margin-right: 20px; margin-bottom: 3px; margin-left: 15px;\">***FEEDBACK*REQUEST*HEAD***</h2>\r\n                                  <p style=\"font-size: 13px; color: rgb(51, 51, 51); line-height: 17px; margin: 0px 20px 10px 15px; text-align: left;\">***FEEDBACK*REQUEST*TEXT***</p>','http://','<h2>***PEER*NAME***</h2>','<p>***PEER*OCCUPATION***</p>','<p>***PEER*SCHOOL***</p>','<p>***PEER*INVOLVED*BECAUSE***</p>','<p>***PEER*WHEN*REVIEWING***</p>','mpatterson.jpg','buncha text'),(103,'Peer Reviewers','Summer',2014,'<h1>***HEADLINE***</h1>','<p>***MAIN*BODY*TEXT***</p>','<p>***LEAD*IN***</p>','<p>***LEAD*IN*KICKER***</p>','<p>buncha body text</p>','http://','<h2>***PEER*NAME***</h2>','<p>***PEER*OCCUPATION***</p>','<p>***PEER*SCHOOL***</p>','<p>***PEER*INVOLVED*BECAUSE***</p>','<p>***PEER*WHEN*REVIEWING***</p>','mpatterson.jpg','<h2>buncha text going right here</h2>'),(104,'Peer Reviewers','Summer',2014,'<h1>***HEADLINE***</h1>','<p>***MAIN*BODY*TEXT***</p>','<p>***LEAD*IN***</p>','<p>***LEAD*IN*KICKER***</p>','<p>***FEEDBACK*REQUEST*TEXT***</p>','http://','<h2>***PEER*NAME***</h2>','<p>***PEER*OCCUPATION***</p>','<p>***PEER*SCHOOL***</p>','<p>***PEER*INVOLVED*BECAUSE***</p>','<p>***PEER*WHEN*REVIEWING***</p>','mpatterson.jpg','***FEEDBACK*REQUEST*HEAD***'),(105,'Peer Reviewers','Summer',2014,'<h1>***HEADLINE***</h1>','<p>***MAIN*BODY*TEXT***</p>','<p>***LEAD*IN***</p>','<p>***LEAD*IN*KICKER***</p>','<p>***FEEDBACK*REQUEST*TEXT***</p>','http://','<h2>***PEER*NAME***</h2>','<p>***PEER*OCCUPATION***</p>','<p>***PEER*SCHOOL***</p>','<p>***PEER*INVOLVED*BECAUSE***</p>','<p>***PEER*WHEN*REVIEWING***</p>','mpatterson.jpg','<p>***FEEDBACK*REQUEST*HEAD***<p>'),(106,'Peer Reviewers','Summer',2014,'<h1>***HEADLINE***</h1>','<p>***MAIN*BODY*TEXT***</p>','<p>***LEAD*IN***</p>','<p>***LEAD*IN*KICKER***</p>','<p>***FEEDBACK*REQUEST*TEXT***</p>','http://','<h2>***PEER*NAME***</h2>','<p>***PEER*OCCUPATION***</p>','<p>***PEER*SCHOOL***</p>','<p>***PEER*INVOLVED*BECAUSE***</p>','<p>***PEER*WHEN*REVIEWING***</p>','mpatterson.jpg','<h2>***FEEDBACK*REQUEST*HEAD***<h2>'),(107,'Peer Reviewers','Summer',2014,'<h1>***HEADLINE***</h1>','<p>***MAIN*BODY*TEXT***</p>','<p>***LEAD*IN***</p>','<p>***LEAD*IN*KICKER***</p>','<p>***FEEDBACK*REQUEST*TEXT***</p>','http://','<h2>***PEER*NAME***</h2>','<p>***PEER*OCCUPATION***</p>','<p>***PEER*SCHOOL***</p>','<p>***PEER*INVOLVED*BECAUSE***</p>','<p>***PEER*WHEN*REVIEWING***</p>','mpatterson.jpg','<h2>***FEEDBACK*REQUEST*HEAD***<h2>'),(108,'Peer Reviewers','Summer',2014,'<h1>***HEADLINE***</h1>','<p>***MAIN*BODY*TEXT***</p>','<p>***LEAD*IN***</p>','<p>***LEAD*IN*KICKER***</p>','<p style=\"font-size: 13px; color: rgb(51, 51, 51); line-height: 17px; margin: 0px 20px 10px 15px; text-align: left;\">***FEEDBACK*REQUEST*TEXT***</p>','http://','<h2>***PEER*NAME***</h2>','<p>***PEER*OCCUPATION***</p>','<p>***PEER*SCHOOL***</p>','<p>***PEER*INVOLVED*BECAUSE***</p>','<p>***PEER*WHEN*REVIEWING***</p>','mpatterson.jpg','<h2>Hello there</h2>'),(109,'Peer Reviewers','Summer',2014,'','','',NULL,NULL,NULL,'',NULL,NULL,NULL,NULL,'mpatterson.jpg',NULL),(110,'Peer Reviewers','Summer',2014,'','','',NULL,NULL,NULL,'',NULL,NULL,NULL,NULL,'mpatterson.jpg',NULL),(111,'Peer Reviewers','Summer',2014,'','','',NULL,NULL,NULL,'',NULL,NULL,NULL,NULL,'mpatterson.jpg',NULL),(112,'Peer Reviewers','Summer',2014,'','','',NULL,NULL,NULL,'',NULL,NULL,NULL,NULL,'mpatterson.jpg',NULL),(113,'Peer Reviewers','Summer',2014,'','','',NULL,NULL,NULL,'',NULL,NULL,NULL,NULL,'mpatterson.jpg',NULL),(114,'Peer Reviewers','Summer',2014,'','','',NULL,NULL,NULL,'',NULL,NULL,NULL,NULL,'mpatterson.jpg',NULL),(115,'Peer Reviewers','Summer',2014,'<h1>***HEADLINE***</h1>','<p>***MAIN*BODY*TEXT***</p>','<p>***LEAD*IN***</p>','<p>***LEAD*IN*KICKER***</p>','<p>***FEEDBACK*REQUEST*TEXT***</p>','http://','<h2>***PEER*NAME***</h2>','<p>***PEER*OCCUPATION***</p>','<p>***PEER*SCHOOL***</p>','<p>***PEER*INVOLVED*BECAUSE***</p>','<p>***PEER*WHEN*REVIEWING***</p>','mpatterson.jpg','<h2>***FEEDBACK*REQUEST*HEAD***<h2>'),(116,'Peer Reviewers','Summer',2014,'<h1>***HEADLINE***</h1>','<p>***MAIN*BODY*TEXT***</p>','<p>***LEAD*IN***</p>','<p>***LEAD*IN*KICKER***</p>','<p style=\"font-size: 13px; color: rgb(51, 51, 51); line-height: 17px; margin: 0px 20px 10px 15px; text-align: left;\">***FEEDBACK*REQUEST*TEXT***</p>','http://','<h2>***PEER*NAME***</h2>','<p>***PEER*OCCUPATION***</p>','<p>***PEER*SCHOOL***</p>','<p>***PEER*INVOLVED*BECAUSE***</p>','<p>***PEER*WHEN*REVIEWING***</p>','mpatterson.jpg','<h2>alfjaljfalefj lakjefalkjef </h2?'),(117,'Peer Reviewers','Summer',2014,'<h1>***HEADLINE***</h1>','<p>***MAIN*BODY*TEXT***</p>','<p>***LEAD*IN***</p>','<p>***LEAD*IN*KICKER***</p>','<p>Lorem ipsum dolor sit amet, consectetur adipiscing elit.</p>','http://thedo.osteopathic.org','<h2>***PEER*NAME***</h2>','<p>***PEER*OCCUPATION***</p>','<p>***PEER*SCHOOL***</p>','<p>***PEER*INVOLVED*BECAUSE***</p>','<p>***PEER*WHEN*REVIEWING***</p>','mpatterson.jpg','<h2 style=\"color: rgb(17, 31, 67); font-size: 15px; margin: 10px 20px 3px 15px;\">Hello there</h2>'),(118,'Peer Reviewers','Summer',2014,'<h1>***HEADLINE***</h1>','<p>***MAIN*BODY*TEXT***</p>','<p>***LEAD*IN***</p>','<p>***LEAD*IN*KICKER***</p>','<p style=\"font-size: 13px; color: rgb(51, 51, 51); line-height: 17px; margin: 0px 20px 10px 15px; text-align: left;\">***FEEDBACK*REQUEST*TEXT***</p>','http://','<h2>***PEER*NAME***</h2>','<p>***PEER*OCCUPATION***</p>','<p>***PEER*SCHOOL***</p>','<p>***PEER*INVOLVED*BECAUSE***</p>','<p>***PEER*WHEN*REVIEWING***</p>','mpatterson.jpg','<h2>hello, i\'m yogi bear</h2>'),(119,'Peer Reviewers','Summer',2014,'<h1>***HEADLINE***</h1>','<p>***MAIN*BODY*TEXT***</p>','<p>***LEAD*IN***</p>','<p>***LEAD*IN*KICKER***</p>','<p style=\"font-size: 13px; color: rgb(51, 51, 51); line-height: 17px; margin: 0px 20px 10px 15px; text-align: left;\">***FEEDBACK*REQUEST*TEXT***</p>','http://','<h2>***PEER*NAME***</h2>','<p>***PEER*OCCUPATION***</p>','<p>***PEER*SCHOOL***</p>','<p>***PEER*INVOLVED*BECAUSE***</p>','<p>***PEER*WHEN*REVIEWING***</p>','mpatterson.jpg','Hello there, I\'m Yogi Bear.'),(120,'Peer Reviewers','Summer',2014,'<h1>***HEADLINE***</h1>','<p>***MAIN*BODY*TEXT***</p>','<p>***LEAD*IN***</p>','<p>***LEAD*IN*KICKER***</p>','<p>Here\'s some feedback text</p>','http://thedo.osteopathic.org','<h2>***PEER*NAME***</h2>','<p>***PEER*OCCUPATION***</p>','<p>***PEER*SCHOOL***</p>','<p>***PEER*INVOLVED*BECAUSE***</p>','<p>***PEER*WHEN*REVIEWING***</p>','mpatterson.jpg','Here\'s another new headline'),(121,'Peer Reviewers','Summer',2014,'<h1>***HEADLINE***</h1>','<p>***MAIN*BODY*TEXT***</p>','<p>***LEAD*IN***</p>','<p>***LEAD*IN*KICKER***</p>','<p>***FEEDBACK*REQUEST*TEXT***</p>','http://','<h2>***PEER*NAME***</h2>','<p>***PEER*OCCUPATION***</p>','<p>***PEER*SCHOOL***</p>','<p>***PEER*INVOLVED*BECAUSE***</p>','<p>***PEER*WHEN*REVIEWING***</p>','mpatterson.jpg','***FEEDBACK*REQUEST*HEAD***');
/*!40000 ALTER TABLE `issue` ENABLE KEYS */;
UNLOCK TABLES;

--
-- Table structure for table `resource`
--

DROP TABLE IF EXISTS `resource`;
/*!40101 SET @saved_cs_client     = @@character_set_client */;
/*!40101 SET character_set_client = utf8 */;
CREATE TABLE `resource` (
  `id` mediumint(9) NOT NULL AUTO_INCREMENT,
  `res` text,
  `res_link` text,
  `conn_id` mediumint(9) NOT NULL,
  PRIMARY KEY (`id`),
  KEY `conn_id` (`conn_id`),
  CONSTRAINT `resource_ibfk_1` FOREIGN KEY (`conn_id`) REFERENCES `issue` (`id`)
) ENGINE=InnoDB AUTO_INCREMENT=260 DEFAULT CHARSET=utf8;
/*!40101 SET character_set_client = @saved_cs_client */;

--
-- Dumping data for table `resource`
--

LOCK TABLES `resource` WRITE;
/*!40000 ALTER TABLE `resource` DISABLE KEYS */;
INSERT INTO `resource` VALUES (1,'International Committee of Medical Journal Editors (ICMJE) Guidelines','http://www.icmje.org/',25),(2,'AMA Manual of Style (10th edition): A Guide for Authors and Editors','http://www.amamanualofstyle.com/',25),(3,'JAOA Guidelines for Peer Reviewers','http://www.jaoa.org/site/misc/peer.xhtml',25),(4,'JAOA staff','http://mailto:jaoa@osteopathic.org',25),(5,'Resource','#',34),(6,'Resource','#',34),(7,'Resource','#',34),(8,'Resource','#',35),(9,'Resource','#',36),(10,'Resource #1','#',37),(11,'Resource #2','#',37),(12,'Resource #3','#',37),(16,'Condimentum Tellus Purus Aenean','http://www.google.com',39),(19,'yo\'s yo\'s yo\'s','ho ho',39),(20,'Here\'s another resource','#',39),(21,'Resource #1abcdefghijklmonpo','http:www.google.com',40),(22,'Resource #2','#',40),(23,'Resource #3','#',40),(24,'Resource #1abcdedhgyhgydooy','#',41),(25,'Resource #2','#',41),(26,'Resource #3','#',41),(28,'Vivamus sagittis lacus vel augue laoreet rutrum faucibus dolor auctor','#',39),(51,'New new new','#',38),(52,'this is a new one','#',38),(57,'Another new one','#',42),(58,'Resource #1','#',43),(59,'Resource #2','#',43),(60,'Resource #3','#',43),(61,'JAOA Primer','http://www.jaoa.org/site/misc/JAOArealignment.pdf',44),(64,'JAOA RSS Feeds','http://www.jaoa.org/rss/',44),(65,'JAOA Editorial Board online workspace','http://www.osteopathic.org/committees/JAOA-editorial-advisory-board/Pages/default.aspx',44),(66,'Resource #1','#',46),(67,'Resource #2','#',46),(68,'Resource #3','#',46),(69,'Resource #1','#',47),(70,'Resource #2','#',47),(71,'Resource #3','#',47),(72,'Resource #1','#',48),(73,'Resource #2','#',48),(74,'Resource #3','#',48),(75,'Guidelines for Peer Reviewers','http://www.jaoa.org/site/misc/prguide.xhtml',49),(76,'How to Write and Publish a Scientific Paper—Robert A. Day, Barbara Gastel','http://www.amazon.com/How-Write-Publish-Scientific-Paper/dp/0313391971/ref=sr_1_8?ie=UTF8&qid=1350586899&sr=8-8&keywords=Scientific+Writing',49),(78,'Resource #1','#',50),(79,'Resource #2','#',50),(80,'Resource #3','#',50),(81,'Resource #1','#',51),(82,'Resource #2','#',51),(83,'Resource #3','#',51),(84,'Resource #1','#',52),(85,'Resource #2','#',52),(86,'Resource #3','#',52),(87,'Resource #1','#',53),(88,'Resource #2','#',53),(89,'Resource #3','#',53),(90,'Resource #1','#',54),(91,'Resource #2','#',54),(92,'Resource #3','#',54),(93,'Resource #1','#',55),(94,'Resource #2','#',55),(95,'Resource #3','#',55),(96,'Resource #1','#',56),(97,'Resource #2','#',56),(98,'Resource #3','#',56),(99,'Resource #1','#',57),(100,'Resource #2','#',57),(101,'Resource #3','#',57),(102,'Resource #1','#',58),(103,'Resource #2','#',58),(104,'Resource #3','#',58),(105,'Resource #1','#',59),(106,'Resource #2','#',59),(107,'Resource #3','#',59),(108,'Resource #1','#',60),(109,'Resource #2','#',60),(110,'Resource #3','#',60),(111,'Resource #1','#',61),(112,'Resource #2','#',61),(113,'Resource #3','#',61),(114,'Resource #1','#',62),(115,'Resource #2','#',62),(116,'Resource #3','#',62),(117,'Resource #1','#',63),(118,'Resource #2','#',63),(119,'Resource #3','#',63),(120,'Resource #1','#',64),(121,'Resource #2','#',64),(122,'Resource #3','#',64),(123,'Resource #1','#',65),(124,'Resource #2','#',65),(125,'Resource #3','#',65),(126,'Resource #1','#',67),(127,'Resource #2','#',67),(128,'Resource #3','#',67),(129,'Resource #1','#',70),(130,'Resource #2','#',70),(131,'Resource #3','#',70),(132,'Resource #1','#',75),(133,'Resource #2','#',75),(134,'Resource #3','#',75),(135,'Resource #1','#',76),(136,'Resource #2','#',76),(137,'Resource #3','#',76),(138,'Resource #1','#',77),(139,'Resource #2','#',77),(140,'Resource #3','#',77),(141,'Resource #1','#',78),(142,'Resource #2','#',78),(143,'Resource #3','#',78),(144,'Information for Authors','http://www.jaoa.org/site/misc/ifora.xhtml',79),(145,'Tenets of Osteopathic Medicine','http://www.osteopathic.org/inside-aoa/about/leadership/Pages/tenets-of-osteopathic-medicine.aspx',79),(147,'JAOA Editorial Advisory Board online workspace','http://www.osteopathic.org/committees/JAOA-editorial-advisory-board/Pages/default.aspx',79),(148,'Past Northup Award winners','http://www.jaoa.org/site/misc/northup_2002.xhtml',80),(151,'Michael M. Patterson, DO\'s centennial editorial','http://www.jaoa.org/content/100/1/11.full.pdf+html',80),(152,'Resource #1','#',81),(153,'Resource #2','#',81),(154,'Resource #3','#',81),(155,'Guidelines for JAOA Peer Reviewers','http://www.jaoa.org/site/misc/prguide.xhtml',82),(158,'JAOA Article Categories','http://www.jaoa.org/site/misc/ifora.xhtml#artcat',82),(159,'Annals of Internal Medicine: Specific Article Types for Original Research','http://annals.org/public/authorsinfo.aspx#specific-article-types',82),(160,'JAOA staff','mailto:jaoa@osteopathic.org',82),(161,'Resource #1','#',83),(162,'Resource #2','#',83),(163,'Resource #3','#',83),(164,'Resource #1','#',84),(167,'Resource #1','#',85),(168,'Resource #2','#',85),(172,'Resource #1','#',86),(173,'Resource #2','#',86),(174,'Resource #3','#',86),(175,'Google','http://www.google.com',87),(176,'Resource #1','#',88),(177,'Resource #2','#',88),(180,'Resource #2','#',89),(181,'Google','http://www.google.com',89),(182,'Twitter','http://www.twitter.com',89),(183,'Resource #1','#',90),(184,'Resource #2','#',90),(185,'Resource #3','#',90),(186,'Resource #1','#',91),(187,'Resource #2','#',91),(188,'Resource #3','#',91),(189,'<em>JAOA</em> Editorial Board online workspace','http://www.osteopathic.org/committees/JAOA-editorial-board/Pages/default.aspx',92),(190,'<em>JAOA</em> staff','mailto:jaoa@osteopathic.org',92),(192,'Resource #1','#',93),(193,'Resource #2','#',93),(194,'Resource #3','#',93),(195,'<em>JAOA</em> Editorial Advisory Board online workspace','http://www.osteopathic.org/committees/JAOA-editorial-advisory-board/Pages/default.aspx',94),(196,'<em>JAOA</em> staff','#',94),(197,'Resource #1','#',95),(198,'Resource #2','#',95),(199,'Resource #3','#',95),(200,'Resource #1','#',96),(201,'Resource #2','#',96),(202,'Resource #3','#',96),(203,'Resource #1','#',97),(204,'Resource #2','#',97),(205,'Resource #3','#',97),(206,'Resource #1','#',98),(207,'Resource #2','#',98),(208,'Resource #3','#',98),(209,'Resource #1','#',99),(210,'Resource #2','#',99),(211,'Resource #3','#',99),(212,'Resource #1','#',100),(213,'Resource #2','#',100),(214,'Resource #3','#',100),(215,'Resource #1','#',101),(216,'Resource #2','#',101),(217,'Resource #3','#',101),(218,'Resource #1','#',102),(219,'Resource #2','#',102),(220,'Resource #3','#',102),(221,'Resource #1','#',103),(222,'Resource #2','#',103),(223,'Resource #3','#',103),(224,'Resource #1','#',104),(225,'Resource #2','#',104),(226,'Resource #3','#',104),(227,'Resource #1','#',105),(228,'Resource #2','#',105),(229,'Resource #3','#',105),(230,'Resource #1','#',106),(231,'Resource #2','#',106),(232,'Resource #3','#',106),(233,'Resource #1','#',107),(234,'Resource #2','#',107),(235,'Resource #3','#',107),(236,'Resource #1','#',108),(237,'Resource #2','#',108),(238,'Resource #3','#',108),(239,'Resource #1','#',115),(240,'Resource #2','#',115),(241,'Resource #3','#',115),(242,'Resource #1','#',116),(243,'Resource #2','#',116),(244,'Resource #3','#',116),(245,'Resource #1','#',117),(246,'Resource #2','#',117),(247,'Resource #3','#',117),(248,'Resource #1','#',118),(249,'Resource #2','#',118),(250,'Resource #3','#',118),(251,'here\'s a resrouce','#',119),(252,'Resource #2','#',119),(253,'Resource #3','#',119),(254,'Resource #1','#',120),(255,'Resource #2','#',120),(256,'Resource #3','#',120),(257,'Resource #1','#',121),(258,'Resource #2','#',121),(259,'Resource #3','#',121);
/*!40000 ALTER TABLE `resource` ENABLE KEYS */;
UNLOCK TABLES;

--
-- Table structure for table `thedocal_article`
--

DROP TABLE IF EXISTS `thedocal_article`;
/*!40101 SET @saved_cs_client     = @@character_set_client */;
/*!40101 SET character_set_client = utf8 */;
CREATE TABLE `thedocal_article` (
  `id` int(11) NOT NULL AUTO_INCREMENT,
  `title` varchar(256) DEFAULT NULL,
  `created` int(11) DEFAULT NULL,
  `modified` int(11) DEFAULT NULL,
  `month` enum('January','February','March','April','May','June','July','August','September','October','November','December') DEFAULT NULL,
  `yr` year(4) DEFAULT NULL,
  `blurb` text,
  `author` int(11) DEFAULT NULL,
  `editor` int(11) DEFAULT NULL,
  PRIMARY KEY (`id`),
  KEY `author` (`author`),
  KEY `editor` (`editor`),
  CONSTRAINT `thedocal_article_ibfk_1` FOREIGN KEY (`author`) REFERENCES `thedocal_user` (`id`),
  CONSTRAINT `thedocal_article_ibfk_2` FOREIGN KEY (`editor`) REFERENCES `thedocal_user` (`id`)
) ENGINE=InnoDB AUTO_INCREMENT=56 DEFAULT CHARSET=utf8;
/*!40101 SET character_set_client = @saved_cs_client */;

--
-- Dumping data for table `thedocal_article`
--

LOCK TABLES `thedocal_article` WRITE;
/*!40000 ALTER TABLE `thedocal_article` DISABLE KEYS */;
INSERT INTO `thedocal_article` VALUES (2,'Making best use of physician extenders',NULL,NULL,'January',2014,'This article will look at how primary care physicians and other specialists use nurse practitioners, registered nurses and physician assistants in their practices. How do physicians determine the number and best mix of physician extenders to have for their practice size? ',7,5),(3,'Q&A: Dr. Hahn',1390595598,NULL,'January',2014,'Interview with Marc B. Hahn, DO, who co-chairs the Blue Ribbon Commission for the Advancement of Osteopathic Medical Education.',7,5),(5,'OMS Spotlight: \"Life happens\"',1390595846,NULL,'April',2014,'Sean Wyman, OMS II, and other students will write about loss and \"life happening\" as a medical student. Sean has pulmonary hypertension and had to take a medical leave of absence from school last year. He\'s also on a waiting list for lung transplants. We\'ll hear from other students who have faced down obstacles to their education.',6,5),(6,'OMS Spotlight: RowanSOM Community OMM Clinic',1390595897,NULL,'January',2014,'RowanSOM students have set up and are running a community OMM clinic. In this article, one or two students will detail the process of setting up the clinic and provide advice and tips for others who might want to do the same at their schools.',6,5),(7,'Valentine\'s Day: Being married/dating in medical school',1390595934,NULL,'January',2014,'EITHER: 1. How do DOs maintain their marriages while working long hours, being on call and dealing with the stress of a demanding profession? OR: 2. You\'re a single medical student. How do you make time to find someone special when you\'re busy studying your brains out? And how do you let your dates know that you have limited free time and must devote a lot of time and energy to medical school?',6,5),(8,'Advanced degrees: MBA, MPH, etc.',1390595954,NULL,'March',2014,'What are some of the best advanced degrees for physicians to get? Which one might be most helpful to have in the post-ACA health care landscape?',6,5),(9,'Entering practice after one year of GME',1390595978,NULL,'January',2014,'Practicing medicine without completing a residency is legal in the vast majority of states, but is it feasible or desirable? DOs with different perspectives weigh in.',7,5),(10,'Liberty University College of Osteopathic Medicine',1390595997,NULL,'January',2014,'Part of the Christian university founded by the late Jerry Fallwell, Sr., the new college in Lynchburg, Va., will welcome its first class of students in fall 2014. School administrators and faculty discuss what sets this new school apart.',7,5),(12,'Hero Next Door: Keith Leaphart, DO',1390596027,NULL,'January',2014,'An African-American graduate of the Philadelphia College of Osteopathic Medicine, Dr. Leaphart is an entrepreneur and civic leader in Philadelphia who started the “Man Up” initiative to help young black men develop the skills they need to pursue their professional dreams. Dr. Leaphart was recently named chairman of the Lenfest Foundation, a philanthropic organization that provides grants to help inner-city youth.',7,5),(13,'Preparing a winning residency application',1390596055,NULL,'January',2014,'Joshua Alexander, DO, MPH, the director of the integrative neurology program at the University of California San Diego, explains step by step how to put together an application package that will impress residency program directors and distinguish the applicant from other residency candidates.',8,7),(14,'Rock doc',1390596083,NULL,'February',2014,'Ted Schwartzenfeld, DO, is a top celebrity physician for metro Detroit entertainment venues. He has been treating A-list rock \'n\' roll bands and singers for 40 years. We will learn what this job is like, what the common injuries he treats are, and hear his advice for those who wish to treat celebrities.',6,5),(15,'Chronic disease management: Part 1',1390596111,NULL,'March',2014,'The first in a series on how exemplary osteopathic physicians are addressing prevalent chronic diseases, this article focuses on best practices for caring for patients who have asthma.',7,5),(16,'How osteopathic medicine crossed the Atlantic',1390605487,NULL,'January',2014,'A historical look at how A.T. Still\'s precepts took root in Europe. We will talk to some of the osteopathic leaders in the UK.',6,5),(18,'Mentorship: How to find a good mentor',1390605585,NULL,'April',2014,'Story will provide several tips on ways physicians and students can seek out mentors and explore what one should look for in a mentor.',6,5),(19,'Gearing up for ICD-10',1390605603,NULL,'February',2014,'This article introduces some of the changes physicians will encounter with the new code set, which goes into effect in October.',7,5),(20,'Hero Next Door: Jeff Patterson, DO',1390605646,NULL,'February',2014,'Next entry in our \"Hero Next Door\" series.',7,5),(21,'Improving bedside manner in world of 12-min. appointments',1390605669,NULL,'June',2014,'As physicians are pressured to fit more and more patients into their days, how do they maintain bedside manner? Has the nature of bedside manner changed over time?',6,5),(22,'Getting past a professional setback',1390605747,NULL,'May',2014,'Story will explore how physicians bounce back from getting sued, losing a job or getting demoted. Story will also provide advice.',6,5),(23,'OMS Spotlight: SOMA fundraising',1390605777,NULL,'April',2014,'Most SOMA chapters adopt a charity and raise money for it throughout the year. A SOMA member will detail some of the efforts and offer how-to tips on planning and running fundraising events.',8,6),(24,'DO Day',1390605854,NULL,'March',2014,'Story will provide a roundup of what DOs and students on Capitol Hill are discussing with their representatives and senators and detail the legislative goings-on that impact DOs the most.',6,5),(25,'How to be a good mentor',1390605878,NULL,'May',2014,'As a mentor and role model, how can you best serve your mentees? What will you yourself gain from mentoring others? This story will explore mentoring and offer advice to potential and existing mentors.',6,5),(26,'Chronic disease management: Part 2',1390605895,NULL,'March',2014,'The second in a series on how exemplary osteopathic physicians are addressing prevalent chronic diseases, this article focuses on best practices for caring for patients who have diabetes mellitus.',7,5),(27,'Profile of Dr. Orenstein',1390605951,NULL,'April',2014,'Closer look at the AOA\'s new editor in chief, Dr. Orenstein.',5,6),(28,'Passionate pursuits beyond medicine',1390605970,NULL,'March',2014,'DOs discuss their serious avocations, whether flying planes, running marathons or competing in equestrian events.',7,5),(29,'What does it mean to train physicians who are practice-ready? ',1390605987,NULL,'March',2014,'This article explores more deeply some competing perspectives, such as the ACGME’s piloting of a four-year family medicine residency, which contrasts with the Blue Ribbon Commission’s proposal to combine undergraduate and graduate medical education into a continuous five-year competency-based pathway.',7,5),(30,'What medical school didn’t teach me',1390606012,NULL,'April',2014,'DOs discuss what they didn’t learn in medical school or residency that they wish they had.',7,5),(31,'Hero Next Door: Mike Erickson, OMS III',1390606041,NULL,'March',2014,'Mike Erickson, AACOM\'s Student DO of the year, devotes much of his free time to community service, such as working at health fairs in underserved neighborhoods and participating in benefits such as World AIDS day.',6,5),(32,'Chronic disease management: Part 3',1390606061,NULL,'April',2014,'The third in a series on how exemplary osteopathic physicians are addressing prevalent chronic diseases, this article focuses on best practices for caring for patients who have cardiovascular disease.',7,5),(33,'Best work experiences for medical students',1390606082,NULL,'April',2014,'Is it better to work as a medical scribe or a medical assistant or train to be a paramedic? DOs and osteopathic medical students discuss the jobs they feel offer the best preparation for medical school, residency and medical practice.',7,5),(34,'Dream inventions',1390606101,NULL,'April',2014,'DOs are asked what sort of innovation (device, tool, machine, garment, app, test, procedure, etc.) they would like to see developed to make their jobs easier or make them better physicians.',7,5),(35,'Hero Next Door: TBD',1390606124,NULL,'April',2014,'Next entry in our \"Hero Next Door\" series',7,5),(36,'Indian Health Service/DOs who work on Indian reservations',1390606148,NULL,'April',2014,'A number of DOs have spent several years working for the Indian Health Service. This article will examine what their experience was like, what they\'ve learned and how the experience has helped them in their careers.',6,5),(37,'Alternative revenue sources',1390606172,NULL,'April',2014,'As DOs increasingly seek ways to make their practices financially viable, a number have turned to alternative revenue sources such as supplements and cosmetic procedures. This story will explore the ethics of alternative revenue sources in medical practices.',5,6),(38,'Mentor Q&A',1390606207,NULL,'June',2014,'In the third installment of our series on mentoring, we will have a protege interview his or her mentor.',6,5),(39,'Career advice for physicians considering academia',1390606242,NULL,'June',2014,'What\'s life like for an academic? What is the pay difference vis-a-vis the difference in hours worked? With new osteopathic medical schools opening every year, DOs have ever-increasing options to switch to academia.',6,5),(40,'OMS Spotlight: Hispanic students in med school',1390852721,NULL,'March',2014,'Ana Rivas, OMS I, is originally from Miami and attending school in South Florida. When she began at Nova Southeastern, she expected more Hispanic students to be part of her class. She compares the experience of being a minority in the classroom versus living in Miami, where Hispanics are the dominant demographic.',8,6),(41,'OMS Spotlight: Ironman triathlete',1390852752,NULL,'April',2014,'Lindsay J. Ercole, OMS I, completed an Ironman triathlon in the fall. She will write about her experience balancing training and medical school and share what competing in an Ironman triathlon is like.',8,6),(42,'Don\'t be too busy for patients',1391203905,NULL,'February',2014,'In an \"In My Opinion\" piece, retired pediatrician Arnold Melnick, DO, writes about the importance of making time for patients.',8,7),(43,'How DOs are using predictive analytics',1392141053,NULL,'March',2014,'This story will look at how DOs are using predictive modeling and how they think the young, emerging field can best help improve patient care. Possible sources: Jay Bhatt, DO; Cole Zanetti, DO.',5,6),(44,'PCORI grant opportunities',1392141199,NULL,'March',2014,'The federal Patient-Centered Outcomes Research Institute (PCORI) is expanding funding opportunities for physicians, other clinicians and researchers during 2014. PCORI grants provide seed money for the development of health research projects. For this article, The DO will interview Jeffrey J. Swigris, DO, the only osteopathic physician to receive PCORI funding so far, for his insights on how to prepare a grant application and what types of projects are likely to be funded. Others in the profession who have been involved with PCORI will be interviewed as well.',7,5),(45,'Social networking sites for physicians',1392156489,NULL,'March',2014,'Several social media networks exclusively for physicians have emerged in the past several years, and they are becoming more popular. We will explore the nuances between the different networks and thepros and cons of using them.',6,5),(46,'Prehealth advisers',1392156520,NULL,'March',2014,'Story will examine/share what the AOA, AACOM, SOMA and pre-SOMA are doing to raise awareness about osteopathic medical education among college and university prehealth advisers, who help students at their institutions get into medical school.',6,5),(47,'OMS Spotlight: Medical mission',1392908452,NULL,'March',2014,'OMS Spotlight: Jeffrey Y. Tsai, OMS III, shares his experiences serving on a medical mission in Guatemala. He survived a terrifying bus ride, insect infestations and other challenges while honing both leadership and clinical skills and helping hundreds of patients.',8,7),(48,'Map project: Practicing medicine in the US',1395163756,NULL,'April',2014,'Every state has a different practice environment – States are handling the ACA differently, for instance, and every state has different practice, tax and malpractice insurance laws. Which states offer the friendliest practice environment? Our interactive map will provide information on all these aspects of practicing medicine in each state to help readers decide where they might want to practice or move.',6,5),(49,'Medical missions how-to',1395164703,NULL,'March',2014,'Story provides a recap of a SOMA convention session providing advice and information for students interested in medical missions. Story will give tips on how to find trips, what to bring, how to finance the trip and what to expect.',6,5),(50,'LGBT health',1395164915,NULL,'April',2014,'Story will offer a primer on treating LGBT patients&mdash;their specific health needs, how to be accepting and nonjudgmental, etc. Sidebar will discuss how osteopathic medical schools prepare students to work with LGBT patients.',6,5),(51,'OMS Spotlight: Teaching health centers',1395164956,NULL,'May',2014,'Jeremy Berger, OMS II, will write about what he has learned from his time embedded in a Washington, D.C., teaching health center during his second year of medical school.',8,6),(52,'OMS Spotlight: ShaDOweek',1395178531,NULL,'March',2014,'Tim Beals, OMS IV, writes about a student-led effort to introduce premeds to osteopathic medicine by having them shadow osteopathic medical students. This effort has become an annual event, National ShaDO week, which coincides with National Osteopathic Medicine Week.',8,6),(53,'Hero Next Door: TBD',1395178765,NULL,'May',2014,'Next entry in our \"Hero Next Door\" series.',6,5),(54,'Genomics',1395179014,NULL,'June',2014,'Scientists and physicians predict major advances in genomics in the coming decades. What are DOs doing to advance genomics? What do they think will be possible in the future that isn\'t now (eg, tests that show a person\'s likelihood to get certain diseases; can the diseases be treated before the patient even has symptoms?) What are the downsides of all this knowledge and technology? Are there risks of pre-emptive treatment, might patients get treated unnecessarily?',6,5),(55,'2014\'s notable graduates',1395179112,NULL,'June',2014,'Story will provide a short Q&A with about five compelling osteopathic medical students who are graduating this year on their plans, their thoughts about the state of medicine in 2014, and their advice to other students and young DOs.',6,5);
/*!40000 ALTER TABLE `thedocal_article` ENABLE KEYS */;
UNLOCK TABLES;

--
-- Table structure for table `thedocal_user`
--

DROP TABLE IF EXISTS `thedocal_user`;
/*!40101 SET @saved_cs_client     = @@character_set_client */;
/*!40101 SET character_set_client = utf8 */;
CREATE TABLE `thedocal_user` (
  `id` int(11) NOT NULL AUTO_INCREMENT,
  `user_name` varchar(32) DEFAULT NULL,
  `f_name` varchar(128) DEFAULT NULL,
  `l_name` varchar(128) DEFAULT NULL,
  `title` varchar(128) DEFAULT NULL,
  `created` int(11) DEFAULT NULL,
  `modified` int(11) DEFAULT NULL,
  `token` varchar(64) DEFAULT NULL,
  `password` varchar(64) DEFAULT NULL,
  `last_login` int(11) DEFAULT NULL,
  `timezone` varchar(64) DEFAULT NULL,
  `email` varchar(128) DEFAULT NULL,
  `location` varchar(128) DEFAULT NULL,
  PRIMARY KEY (`id`)
) ENGINE=InnoDB AUTO_INCREMENT=9 DEFAULT CHARSET=utf8;
/*!40101 SET character_set_client = @saved_cs_client */;

--
-- Dumping data for table `thedocal_user`
--

LOCK TABLES `thedocal_user` WRITE;
/*!40000 ALTER TABLE `thedocal_user` DISABLE KEYS */;
INSERT INTO `thedocal_user` VALUES (5,NULL,'Patrick','Sinco','Managing Editor',NULL,NULL,NULL,NULL,NULL,NULL,'psinco@osteopathic.org',NULL),(6,NULL,'Rose','Raymond','Staff Editor',NULL,NULL,NULL,NULL,NULL,NULL,'rraymond@osteopathic.org',NULL),(7,NULL,'Carolyn','Schierhorn','Staff Editor',NULL,NULL,NULL,NULL,NULL,NULL,'cschierhorn@osteopathic.org',NULL),(8,NULL,'Contributor',NULL,'Contributor',NULL,NULL,NULL,NULL,NULL,NULL,'thedo@osteopathic.org',NULL);
/*!40000 ALTER TABLE `thedocal_user` ENABLE KEYS */;
UNLOCK TABLES;
/*!40103 SET TIME_ZONE=@OLD_TIME_ZONE */;

/*!40101 SET SQL_MODE=@OLD_SQL_MODE */;
/*!40014 SET FOREIGN_KEY_CHECKS=@OLD_FOREIGN_KEY_CHECKS */;
/*!40014 SET UNIQUE_CHECKS=@OLD_UNIQUE_CHECKS */;
/*!40101 SET CHARACTER_SET_CLIENT=@OLD_CHARACTER_SET_CLIENT */;
/*!40101 SET CHARACTER_SET_RESULTS=@OLD_CHARACTER_SET_RESULTS */;
/*!40101 SET COLLATION_CONNECTION=@OLD_COLLATION_CONNECTION */;
/*!40111 SET SQL_NOTES=@OLD_SQL_NOTES */;

-- Dump completed on 2014-03-21 17:52:36
